文本,文本1
中共中央、国务院印发《信访工作条例》,"中共中央、国务院印发《信访工作条例》


　　近日，中共中央、国务院印发了《信访工作条例》（以下简称《条例》），并发出通知，要求各地区各部门认真遵照执行。
　　通知指出，信访工作是党的群众工作的重要组成部分，是了解社情民意的重要窗口。《条例》以习近平新时代中国特色社会主义思想为指导，深入贯彻习近平总书记关于加强和改进人民信访工作的重要思想，总结党长期以来领导和开展信访工作经验特别是党的十八大以来信访工作制度改革成果，坚持和加强党对信访工作的全面领导，理顺信访工作体制机制，是新时代信访工作的基本遵循。
　　通知要求，各地区各部门要把握新时代信访工作原则和要求，践行以人民为中心的发展思想，完善信访工作责任体系，把党中央关于信访工作的方针政策和决策部署落到实处。要做好《条例》实施和国务院《信访条例》按法定程序废止前的相关工作衔接，确保顺畅平稳过渡。要做好《条例》的学习培训、宣传解读和落实情况的督促检查，在全社会营造办事依法、遇事找法、解决问题用法、化解矛盾靠法的良好环境。信访工作联席会议、信访部门要牢记职责使命，坚持人民至上，强化问题导向，主动担当作为，不断提高工作能力和水平。各地区各部门在执行《条例》中的重要情况和建议，要及时报告党中央、国务院。
　　《信访工作条例》全文如下。

信访工作条例
（2022年1月24日中共中央政治局会议审议批准 2022年2月25日中共中央、国务院发布）


　第一章　总则　



　　第一条　为了坚持和加强党对信访工作的全面领导，做好新时代信访工作，保持党和政府同人民群众的密切联系，制定本条例。
　　第二条　本条例适用于各级党的机关、人大机关、行政机关、政协机关、监察机关、审判机关、检察机关以及群团组织、国有企事业单位等开展信访工作。
　　第三条　信访工作是党的群众工作的重要组成部分，是党和政府了解民情、集中民智、维护民利、凝聚民心的一项重要工作，是各级机关、单位及其领导干部、工作人员接受群众监督、改进工作作风的重要途径。
　　第四条　信访工作坚持以马克思列宁主义、毛泽东思想、邓小平理论、“三个代表”重要思想、科学发展观、习近平新时代中国特色社会主义思想为指导，贯彻落实习近平总书记关于加强和改进人民信访工作的重要思想，增强“四个意识”、坚定“四个自信”、做到“两个维护”，牢记为民解难、为党分忧的政治责任，坚守人民情怀，坚持底线思维、法治思维，服务党和国家工作大局，维护群众合法权益，化解信访突出问题，促进社会和谐稳定。
　　第五条　信访工作应当遵循下列原则：
　　（一）坚持党的全面领导。把党的领导贯彻到信访工作各方面和全过程，确保正确政治方向。
　　（二）坚持以人民为中心。践行党的群众路线，倾听群众呼声，关心群众疾苦，千方百计为群众排忧解难。
　　（三）坚持落实信访工作责任。党政同责、一岗双责，属地管理、分级负责，谁主管、谁负责。
　　（四）坚持依法按政策解决问题。将信访纳入法治化轨道，依法维护群众权益、规范信访秩序。
　　（五）坚持源头治理化解矛盾。多措并举、综合施策，着力点放在源头预防和前端化解，把可能引发信访问题的矛盾纠纷化解在基层、化解在萌芽状态。
　　第六条　各级机关、单位应当畅通信访渠道，做好信访工作，认真处理信访事项，倾听人民群众建议、意见和要求，接受人民群众监督，为人民群众服务。

　第二章　信访工作体制　



　　第七条　坚持和加强党对信访工作的全面领导，构建党委统一领导、政府组织落实、信访工作联席会议协调、信访部门推动、各方齐抓共管的信访工作格局。
　　第八条　党中央加强对信访工作的统一领导：
　　（一）强化政治引领，确立信访工作的政治方向和政治原则，严明政治纪律和政治规矩；
　　（二）制定信访工作方针政策，研究部署信访工作中事关党和国家工作大局、社会和谐稳定、群众权益保障的重大改革措施；
　　（三）领导建设一支对党忠诚可靠、恪守为民之责、善做群众工作的高素质专业化信访工作队伍，为信访工作提供组织保证。
　　第九条　地方党委领导本地区信访工作，贯彻落实党中央关于信访工作的方针政策和决策部署，执行上级党组织关于信访工作的部署要求，统筹信访工作责任体系构建，支持和督促下级党组织做好信访工作。
　　地方党委常委会应当定期听取信访工作汇报，分析形势，部署任务，研究重大事项，解决突出问题。
　　第十条　各级政府贯彻落实上级党委和政府以及本级党委关于信访工作的部署要求，科学民主决策、依法履行职责，组织各方力量加强矛盾纠纷排查化解，及时妥善处理信访事项，研究解决政策性、群体性信访突出问题和疑难复杂信访问题。
　　第十一条　中央信访工作联席会议在党中央、国务院领导下，负责全国信访工作的统筹协调、整体推进、督促落实，履行下列职责：
　　（一）研究分析全国信访形势，为中央决策提供参考；
　　（二）督促落实党中央关于信访工作的方针政策和决策部署；
　　（三）研究信访制度改革和信访法治化建设重大问题和事项；
　　（四）研究部署重点工作任务，协调指导解决具有普遍性的信访突出问题；
　　（五）领导组织信访工作责任制落实、督导考核等工作；
　　（六）指导地方各级信访工作联席会议工作；
　　（七）承担党中央、国务院交办的其他事项。
　　中央信访工作联席会议由党中央、国务院领导同志以及有关部门负责同志担任召集人，各成员单位负责同志参加。中央信访工作联席会议办公室设在国家信访局，承担联席会议的日常工作，督促检查联席会议议定事项的落实。
　　第十二条　中央信访工作联席会议根据工作需要召开全体会议或者工作会议。研究涉及信访工作改革发展的重大问题和重要信访事项的处理意见，应当及时向党中央、国务院请示报告。
　　中央信访工作联席会议各成员单位应当落实联席会议确定的工作任务和议定事项，及时报送落实情况；及时将本领域重大敏感信访问题提请联席会议研究。
　　第十三条　地方各级信访工作联席会议在本级党委和政府领导下，负责本地区信访工作的统筹协调、整体推进、督促落实，协调处理发生在本地区的重要信访问题，指导下级信访工作联席会议工作。联席会议召集人一般由党委和政府负责同志担任。
　　地方党委和政府应当根据信访工作形势任务，及时调整成员单位，健全规章制度，建立健全信访信息分析研判、重大信访问题协调处理、联合督查等工作机制，提升联席会议工作的科学化、制度化、规范化水平。
　　根据工作需要，乡镇党委和政府、街道党工委和办事处可以建立信访工作联席会议机制，或者明确党政联席会定期研究本地区信访工作，协调处理发生在本地区的重要信访问题。
　　第十四条　各级党委和政府信访部门是开展信访工作的专门机构，履行下列职责：
　　（一）受理、转送、交办信访事项；
　　（二）协调解决重要信访问题；
　　（三）督促检查重要信访事项的处理和落实；
　　（四）综合反映信访信息，分析研判信访形势，为党委和政府提供决策参考；
　　（五）指导本级其他机关、单位和下级的信访工作；
　　（六）提出改进工作、完善政策和追究责任的建议；
　　（七）承担本级党委和政府交办的其他事项。
　　各级党委和政府信访部门以外的其他机关、单位应当根据信访工作形势任务，明确负责信访工作的机构或者人员，参照党委和政府信访部门职责，明确相应的职责。
　　第十五条　各级党委和政府以外的其他机关、单位应当做好各自职责范围内的信访工作，按照规定及时受理办理信访事项，预防和化解政策性、群体性信访问题，加强对下级机关、单位信访工作的指导。
　　各级机关、单位应当拓宽社会力量参与信访工作的制度化渠道，发挥群团组织、社会组织和“两代表一委员”、社会工作者等作用，反映群众意见和要求，引导群众依法理性反映诉求、维护权益，推动矛盾纠纷及时有效化解。
　　乡镇党委和政府、街道党工委和办事处以及村（社区）“两委”应当全面发挥职能作用，坚持和发展新时代“枫桥经验”，积极协调处理化解发生在当地的信访事项和矛盾纠纷，努力做到小事不出村、大事不出镇、矛盾不上交。
　　第十六条　各级党委和政府应当加强信访部门建设，选优配强领导班子，配备与形势任务相适应的工作力量，建立健全信访督查专员制度，打造高素质专业化信访干部队伍。各级党委和政府信访部门主要负责同志应当由本级党委或者政府副秘书长〔办公厅（室）副主任〕兼任。
　　各级党校（行政学院）应当将信访工作作为党性教育内容纳入教学培训，加强干部教育培训。
　　各级机关、单位应当建立健全年轻干部和新录用干部到信访工作岗位锻炼制度。
　　各级党委和政府应当为信访工作提供必要的支持和保障，所需经费列入本级预算。

　第三章　信访事项的提出和受理　



　　第十七条　公民、法人或者其他组织可以采用信息网络、书信、电话、传真、走访等形式，向各级机关、单位反映情况，提出建议、意见或者投诉请求，有关机关、单位应当依规依法处理。
　　采用前款规定的形式，反映情况，提出建议、意见或者投诉请求的公民、法人或者其他组织，称信访人。
　　第十八条　各级机关、单位应当向社会公布网络信访渠道、通信地址、咨询投诉电话、信访接待的时间和地点、查询信访事项处理进展以及结果的方式等相关事项，在其信访接待场所或者网站公布与信访工作有关的党内法规和法律、法规、规章，信访事项的处理程序，以及其他为信访人提供便利的相关事项。
　　各级机关、单位领导干部应当阅办群众来信和网上信访、定期接待群众来访、定期下访，包案化解群众反映强烈的突出问题。
　　市、县级党委和政府应当建立和完善联合接访工作机制，根据工作需要组织有关机关、单位联合接待，一站式解决信访问题。
　　任何组织和个人不得打击报复信访人。
　　第十九条　信访人一般应当采用书面形式提出信访事项，并载明其姓名（名称）、住址和请求、事实、理由。对采用口头形式提出的信访事项，有关机关、单位应当如实记录。
　　信访人提出信访事项，应当客观真实，对其所提供材料内容的真实性负责，不得捏造、歪曲事实，不得诬告、陷害他人。
　　信访事项已经受理或者正在办理的，信访人在规定期限内向受理、办理机关、单位的上级机关、单位又提出同一信访事项的，上级机关、单位不予受理。
　　第二十条　信访人采用走访形式提出信访事项的，应当到有权处理的本级或者上一级机关、单位设立或者指定的接待场所提出。
　　信访人采用走访形式提出涉及诉讼权利救济的信访事项，应当按照法律法规规定的程序向有关政法部门提出。
　　多人采用走访形式提出共同的信访事项的，应当推选代表，代表人数不得超过5人。
　　各级机关、单位应当落实属地责任，认真接待处理群众来访，把问题解决在当地，引导信访人就地反映问题。
　　第二十一条　各级党委和政府应当加强信访工作信息化、智能化建设，依规依法有序推进信访信息系统互联互通、信息共享。
　　各级机关、单位应当及时将信访事项录入信访信息系统，使网上信访、来信、来访、来电在网上流转，方便信访人查询、评价信访事项办理情况。
　　第二十二条　各级党委和政府信访部门收到信访事项，应当予以登记，并区分情况，在15日内分别按照下列方式处理：
　　（一）对依照职责属于本级机关、单位或者其工作部门处理决定的，应当转送有权处理的机关、单位；情况重大、紧急的，应当及时提出建议，报请本级党委和政府决定。
　　（二）涉及下级机关、单位或者其工作人员的，按照“属地管理、分级负责，谁主管、谁负责”的原则，转送有权处理的机关、单位。
　　（三）对转送信访事项中的重要情况需要反馈办理结果的，可以交由有权处理的机关、单位办理，要求其在指定办理期限内反馈结果，提交办结报告。
　　各级党委和政府信访部门对收到的涉法涉诉信件，应当转送同级政法部门依法处理；对走访反映涉诉问题的信访人，应当释法明理，引导其向有关政法部门反映问题。对属于纪检监察机关受理的检举控告类信访事项，应当按照管理权限转送有关纪检监察机关依规依纪依法处理。
　　第二十三条　党委和政府信访部门以外的其他机关、单位收到信访人直接提出的信访事项，应当予以登记；对属于本机关、单位职权范围的，应当告知信访人接收情况以及处理途径和程序；对属于本系统下级机关、单位职权范围的，应当转送、交办有权处理的机关、单位，并告知信访人转送、交办去向；对不属于本机关、单位或者本系统职权范围的，应当告知信访人向有权处理的机关、单位提出。
　　对信访人直接提出的信访事项，有关机关、单位能够当场告知的，应当当场书面告知；不能当场告知的，应当自收到信访事项之日起15日内书面告知信访人，但信访人的姓名（名称）、住址不清的除外。
　　对党委和政府信访部门或者本系统上级机关、单位转送、交办的信访事项，属于本机关、单位职权范围的，有关机关、单位应当自收到之日起15日内书面告知信访人接收情况以及处理途径和程序；不属于本机关、单位或者本系统职权范围的，有关机关、单位应当自收到之日起5个工作日内提出异议，并详细说明理由，经转送、交办的信访部门或者上级机关、单位核实同意后，交还相关材料。
　　政法部门处理涉及诉讼权利救济事项、纪检监察机关处理检举控告事项的告知按照有关规定执行。
　　第二十四条　涉及两个或者两个以上机关、单位的信访事项，由所涉及的机关、单位协商受理；受理有争议的，由其共同的上一级机关、单位决定受理机关；受理有争议且没有共同的上一级机关、单位的，由共同的信访工作联席会议协调处理。
　　应当对信访事项作出处理的机关、单位分立、合并、撤销的，由继续行使其职权的机关、单位受理；职责不清的，由本级党委和政府或者其指定的机关、单位受理。
　　第二十五条　各级机关、单位对可能造成社会影响的重大、紧急信访事项和信访信息，应当及时报告本级党委和政府，通报相关主管部门和本级信访工作联席会议办公室，在职责范围内依法及时采取措施，防止不良影响的产生、扩大。
　　地方各级党委和政府信访部门接到重大、紧急信访事项和信访信息，应当向上一级信访部门报告，同时报告国家信访局。
　　第二十六条　信访人在信访过程中应当遵守法律、法规，不得损害国家、社会、集体的利益和其他公民的合法权利，自觉维护社会公共秩序和信访秩序，不得有下列行为：
　　（一）在机关、单位办公场所周围、公共场所非法聚集，围堵、冲击机关、单位，拦截公务车辆，或者堵塞、阻断交通；
　　（二）携带危险物品、管制器具；
　　（三）侮辱、殴打、威胁机关、单位工作人员，非法限制他人人身自由，或者毁坏财物；
　　（四）在信访接待场所滞留、滋事，或者将生活不能自理的人弃留在信访接待场所；
　　（五）煽动、串联、胁迫、以财物诱使、幕后操纵他人信访，或者以信访为名借机敛财；
　　（六）其他扰乱公共秩序、妨害国家和公共安全的行为。

　第四章　信访事项的办理　



　　第二十七条　各级机关、单位及其工作人员应当根据各自职责和有关规定，按照诉求合理的解决问题到位、诉求无理的思想教育到位、生活困难的帮扶救助到位、行为违法的依法处理的要求，依法按政策及时就地解决群众合法合理诉求，维护正常信访秩序。
　　第二十八条　各级机关、单位及其工作人员办理信访事项，应当恪尽职守、秉公办事，查明事实、分清责任，加强教育疏导，及时妥善处理，不得推诿、敷衍、拖延。
　　各级机关、单位应当按照诉讼与信访分离制度要求，将涉及民事、行政、刑事等诉讼权利救济的信访事项从普通信访体制中分离出来，由有关政法部门依法处理。
　　各级机关、单位工作人员与信访事项或者信访人有直接利害关系的，应当回避。
　　第二十九条　对信访人反映的情况、提出的建议意见类事项，有权处理的机关、单位应当认真研究论证。对科学合理、具有现实可行性的，应当采纳或者部分采纳，并予以回复。
　　信访人反映的情况、提出的建议意见，对国民经济和社会发展或者对改进工作以及保护社会公共利益有贡献的，应当按照有关规定给予奖励。
　　各级党委和政府应当健全人民建议征集制度，对涉及国计民生的重要工作，主动听取群众的建议意见。
　　第三十条　对信访人提出的检举控告类事项，纪检监察机关或者有权处理的机关、单位应当依规依纪依法接收、受理、办理和反馈。
　　党委和政府信访部门应当按照干部管理权限向组织（人事）部门通报反映干部问题的信访情况，重大情况向党委主要负责同志和分管组织（人事）工作的负责同志报送。组织（人事）部门应当按照干部选拔任用监督的有关规定进行办理。
　　不得将信访人的检举、揭发材料以及有关情况透露或者转给被检举、揭发的人员或者单位。
　　第三十一条　对信访人提出的申诉求决类事项，有权处理的机关、单位应当区分情况，分别按照下列方式办理：
　　（一）应当通过审判机关诉讼程序或者复议程序、检察机关刑事立案程序或者法律监督程序、公安机关法律程序处理的，涉法涉诉信访事项未依法终结的，按照法律法规规定的程序处理。
　　（二）应当通过仲裁解决的，导入相应程序处理。
　　（三）可以通过党员申诉、申请复审等解决的，导入相应程序处理。
　　（四）可以通过行政复议、行政裁决、行政确认、行政许可、行政处罚等行政程序解决的，导入相应程序处理。
　　（五）属于申请查处违法行为、履行保护人身权或者财产权等合法权益职责的，依法履行或者答复。
　　（六）不属于以上情形的，应当听取信访人陈述事实和理由，并调查核实，出具信访处理意见书。对重大、复杂、疑难的信访事项，可以举行听证。
　　第三十二条　信访处理意见书应当载明信访人投诉请求、事实和理由、处理意见及其法律法规依据：
　　（一）请求事实清楚，符合法律、法规、规章或者其他有关规定的，予以支持；
　　（二）请求事由合理但缺乏法律依据的，应当作出解释说明；
　　（三）请求缺乏事实根据或者不符合法律、法规、规章或者其他有关规定的，不予支持。
　　有权处理的机关、单位作出支持信访请求意见的，应当督促有关机关、单位执行；不予支持的，应当做好信访人的疏导教育工作。
　　第三十三条　各级机关、单位在处理申诉求决类事项过程中，可以在不违反政策法规强制性规定的情况下，在裁量权范围内，经争议双方当事人同意进行调解；可以引导争议双方当事人自愿和解。经调解、和解达成一致意见的，应当制作调解协议书或者和解协议书。
　　第三十四条　对本条例第三十一条第六项规定的信访事项应当自受理之日起60日内办结；情况复杂的，经本机关、单位负责人批准，可以适当延长办理期限，但延长期限不得超过30日，并告知信访人延期理由。
　　第三十五条　信访人对信访处理意见不服的，可以自收到书面答复之日起30日内请求原办理机关、单位的上一级机关、单位复查。收到复查请求的机关、单位应当自收到复查请求之日起30日内提出复查意见，并予以书面答复。
　　第三十六条　信访人对复查意见不服的，可以自收到书面答复之日起30日内向复查机关、单位的上一级机关、单位请求复核。收到复核请求的机关、单位应当自收到复核请求之日起30日内提出复核意见。
　　复核机关、单位可以按照本条例第三十一条第六项的规定举行听证，经过听证的复核意见可以依法向社会公示。听证所需时间不计算在前款规定的期限内。
　　信访人对复核意见不服，仍然以同一事实和理由提出投诉请求的，各级党委和政府信访部门和其他机关、单位不再受理。
　　第三十七条　各级机关、单位应当坚持社会矛盾纠纷多元预防调处化解，人民调解、行政调解、司法调解联动，综合运用法律、政策、经济、行政等手段和教育、协商、疏导等办法，多措并举化解矛盾纠纷。
　　各级机关、单位在办理信访事项时，对生活确有困难的信访人，可以告知或者帮助其向有关机关或者机构依法申请社会救助。符合国家司法救助条件的，有关政法部门应当按照规定给予司法救助。
　　地方党委和政府以及基层党组织和基层单位对信访事项已经复查复核和涉法涉诉信访事项已经依法终结的相关信访人，应当做好疏导教育、矛盾化解、帮扶救助等工作。

　第五章　监督和追责　



　　第三十八条　各级党委和政府应当对开展信访工作、落实信访工作责任的情况组织专项督查。
　　信访工作联席会议及其办公室、党委和政府信访部门应当根据工作需要开展督查，就发现的问题向有关地方和部门进行反馈，重要问题向本级党委和政府报告。
　　各级党委和政府督查部门应当将疑难复杂信访问题列入督查范围。
　　第三十九条　各级党委和政府应当以依规依法及时就地解决信访问题为导向，每年对信访工作情况进行考核。考核结果应当在适当范围内通报，并作为对领导班子和有关领导干部综合考核评价的重要参考。
　　对在信访工作中作出突出成绩和贡献的机关、单位或者个人，可以按照有关规定给予表彰和奖励。
　　对在信访工作中履职不力、存在严重问题的领导班子和领导干部，视情节轻重，由信访工作联席会议进行约谈、通报、挂牌督办，责令限期整改。
　　第四十条　党委和政府信访部门发现有关机关、单位存在违反信访工作规定受理、办理信访事项，办理信访事项推诿、敷衍、拖延、弄虚作假或者拒不执行信访处理意见等情形的，应当及时督办，并提出改进工作的建议。
　　对工作中发现的有关政策性问题，应当及时向本级党委和政府报告，并提出完善政策的建议。
　　对在信访工作中推诿、敷衍、拖延、弄虚作假造成严重后果的机关、单位及其工作人员，应当向有管理权限的机关、单位提出追究责任的建议。
　　对信访部门提出的改进工作、完善政策、追究责任的建议，有关机关、单位应当书面反馈采纳情况。
　　第四十一条　党委和政府信访部门应当编制信访情况年度报告，每年向本级党委和政府、上一级党委和政府信访部门报告。年度报告应当包括下列内容：
　　（一）信访事项的数据统计、信访事项涉及领域以及被投诉较多的机关、单位；
　　（二）党委和政府信访部门转送、交办、督办情况；
　　（三）党委和政府信访部门提出改进工作、完善政策、追究责任建议以及被采纳情况；
　　（四）其他应当报告的事项。
　　根据巡视巡察工作需要，党委和政府信访部门应当向巡视巡察机构提供被巡视巡察地区、单位领导班子及其成员和下一级主要负责人有关信访举报，落实信访工作责任制，具有苗头性、倾向性的重要信访问题，需要巡视巡察工作关注的重要信访事项等情况。
　　第四十二条　因下列情形之一导致信访事项发生，造成严重后果的，对直接负责的主管人员和其他直接责任人员，依规依纪依法严肃处理；构成犯罪的，依法追究刑事责任：
　　（一）超越或者滥用职权，侵害公民、法人或者其他组织合法权益；
　　（二）应当作为而不作为，侵害公民、法人或者其他组织合法权益；
　　（三）适用法律、法规错误或者违反法定程序，侵害公民、法人或者其他组织合法权益；
　　（四）拒不执行有权处理机关、单位作出的支持信访请求意见。
　　第四十三条　各级党委和政府信访部门对收到的信访事项应当登记、转送、交办而未按照规定登记、转送、交办，或者应当履行督办职责而未履行的，由其上级机关责令改正；造成严重后果的，对直接负责的主管人员和其他直接责任人员依规依纪依法严肃处理。
　　第四十四条　负有受理信访事项职责的机关、单位有下列情形之一的，由其上级机关、单位责令改正；造成严重后果的，对直接负责的主管人员和其他直接责任人员依规依纪依法严肃处理：
　　（一）对收到的信访事项不按照规定登记；
　　（二）对属于其职权范围的信访事项不予受理；
　　（三）未在规定期限内书面告知信访人是否受理信访事项。
　　第四十五条　对信访事项有权处理的机关、单位有下列情形之一的，由其上级机关、单位责令改正；造成严重后果的，对直接负责的主管人员和其他直接责任人员依规依纪依法严肃处理：
　　（一）推诿、敷衍、拖延信访事项办理或者未在规定期限内办结信访事项；
　　（二）对事实清楚，符合法律、法规、规章或者其他有关规定的投诉请求未予支持；
　　（三）对党委和政府信访部门提出的改进工作、完善政策等建议重视不够、落实不力，导致问题长期得不到解决；
　　（四）其他不履行或者不正确履行信访事项处理职责的情形。
　　第四十六条　有关机关、单位及其领导干部、工作人员有下列情形之一的，由其上级机关、单位责令改正；造成严重后果的，对直接负责的主管人员和其他直接责任人员依规依纪依法严肃处理；构成犯罪的，依法追究刑事责任：
　　（一）对待信访人态度恶劣、作风粗暴，损害党群干群关系；
　　（二）在处理信访事项过程中吃拿卡要、谋取私利；
　　（三）对规模性集体访、负面舆情等处置不力，导致事态扩大；
　　（四）对可能造成社会影响的重大、紧急信访事项和信访信息隐瞒、谎报、缓报，或者未依法及时采取必要措施；
　　（五）将信访人的检举、揭发材料或者有关情况透露、转给被检举、揭发的人员或者单位；
　　（六）打击报复信访人；
　　（七）其他违规违纪违法的情形。
　　第四十七条　信访人违反本条例第二十条、第二十六条规定的，有关机关、单位工作人员应当对其进行劝阻、批评或者教育。
　　信访人滋事扰序、缠访闹访情节严重，构成违反治安管理行为的，或者违反集会游行示威相关法律法规的，由公安机关依法采取必要的现场处置措施、给予治安管理处罚；构成犯罪的，依法追究刑事责任。
　　信访人捏造歪曲事实、诬告陷害他人，构成违反治安管理行为的，依法给予治安管理处罚；构成犯罪的，依法追究刑事责任。

　第六章　附则　



　　第四十八条　对外国人、无国籍人、外国组织信访事项的处理，参照本条例执行。
　　第四十九条　本条例由国家信访局负责解释。
　　第五十条　本条例自2022年5月1日起施行。

（新华社北京2022年4月7日电）



"
"信访工作责任制实施办法
（2016年10月8日中共中央批准 2016年10月8日中共中央办公厅、国务院办公厅发布）","信访工作责任制实施办法
（2016年10月8日中共中央批准 2016年10月8日中共中央办公厅、国务院办公厅发布）

　第一章　总　则　



　　第一条　为了进一步落实各级党政机关及其领导干部、工作人员信访工作责任，从源头上预防和减少信访问题发生，推动信访问题及时就地解决，依法维护群众合法权益，促进社会和谐稳定，根据国家有关法律法规和中央有关规定，制定本办法。
　　第二条　本办法所称党政机关，包括党的机关、人大机关、行政机关、政协机关、审判机关、检察机关。
　　各级党政机关派出机构、直属事业单位以及工会、共青团、妇联等人民团体适用本办法。
　　国有和国有控股企业参照本办法执行。
法宝联想
司法案例
司法案例(5)
　　第三条　落实信访工作责任制，以邓小平理论、“三个代表”重要思想、科学发展观为指导，深入贯彻习近平总书记系列重要讲话精神，按照“属地管理、分级负责，谁主管、谁负责，依法、及时、就地解决问题与疏导教育相结合”的工作原则，综合运用督查、考核、惩戒等措施，依法规范各级党政机关履行信访工作职责，把信访突出问题处理好，把群众合理合法利益诉求解决好，确保中央关于信访工作决策部署贯彻落实。

　第二章　责任内容　



　　第四条　各级党政机关应当将信访工作列入议事日程，定期听取工作汇报、分析信访形势、研究解决工作中的重要问题，从人力物力财力上保证信访工作顺利开展；应当科学、民主决策，依法履行职责，从源头上预防和减少导致信访问题的矛盾和纠纷。
　　党政机关领导班子主要负责人对本地区、本部门、本系统的信访工作负总责，其他成员根据工作分工，对职权范围内的信访工作负主要领导责任。
　　各级领导干部应当阅批群众来信和网上信访，定期接待群众来访，协调处理疑难复杂信访问题。
法宝联想
法律法规
规范性文件(1)
司法案例
司法案例(38)
　　第五条　各级党政机关工作部门对属于本部门职权范围内的信访事项，应当依照有关法律法规规定和程序，及时妥善处理。
　　垂直管理部门负责本系统的信访工作，应当督促下级部门和单位依法、及时、就地解决信访问题。
法宝联想
法律法规
规范性文件(1)
司法案例
司法案例(6)
　　第六条　地方各级党委和政府在预防和处理本地区信访问题中负有主体责任，应当加强矛盾纠纷排查化解和信访风险防控预警，针对具体问题明确责任归属，协调督促有关责任部门和单位依法、及时、就地解决，并加强对信访群众的疏导教育。
法宝联想
法律法规
规范性文件(1)
　　第七条　各级信访部门应当在党委和政府的统一领导下，协调、指导和监督本地区的信访工作，依照法定程序和诉讼与信访分离制度受理、交办、转送和督办信访事项，协调处理重要信访问题，分析研究信访情况，提出改进工作、完善政策和给予处分的建议。
法宝联想
法律法规
规范性文件(1)
司法案例
司法案例(2)
　　第八条　各级党政机关工作人员在处理信访事项过程中，应当遵守群众纪律，秉公办事、清正廉洁、保守秘密、热情周到。
法宝联想
法律法规
规范性文件(1)

　第三章　督查考核　



　　第九条　各级党政机关应当将信访工作纳入督查范围，对本地区、本部门、本系统信访工作开展和责任落实情况，每年至少组织开展一次专项督查，并在适当范围内通报督查情况。
法宝联想
法律法规
规范性文件(1)
法学期刊
法学期刊(1)
　　第十条　各级党政机关应当以依法、及时、就地解决信访问题为导向，建立健全信访工作考核评价机制，制定科学合理的考核评价标准和指标体系，定期对本地区、本部门、本系统信访工作情况进行考核。考核结果作为对领导班子和领导干部综合考评的重要参考。
　　各级组织人事部门在干部考察工作中，应当听取信访部门意见，了解掌握领导干部履行信访工作职责情况。
　　国家信访局负责对各省、自治区、直辖市信访工作情况进行年度考核。对工作成效明显的省、自治区、直辖市予以通报表扬；对问题较多的省、自治区、直辖市，加强工作指导，督促解决存在的问题。
法宝联想
司法案例
司法案例(1)
法学期刊
法学期刊(1)

　第四章　责任追究　



　　第十一条　各级党政机关及其领导干部、工作人员不履行或者未能正确履行本办法所列责任内容，有下列情形之一的，应当追究责任：
　　（一）因决策失误、工作失职，损害群众利益，导致信访问题产生，造成严重后果的；
　　（二）未按照规定受理、交办、转送和督办信访事项，或者不执行信访事项处理意见，严重损害信访群众合法权益的；
　　（三）违反群众纪律，对应当解决的群众合理合法诉求消极应付、推诿扯皮，或者对待信访群众态度恶劣、简单粗暴，损害党群干群关系，造成严重后果的；
　　（四）对发生的集体访或者信访负面舆情处置不力，导致事态扩大，造成不良影响的；
　　（五）对信访部门提出的改进工作、完善政策和给予处分等建议重视不够、落实不力，导致问题长期得不到解决的；
　　（六）其他应当追究责任的失职失责情形。
　　对前款规定中涉及的集体责任，领导班子主要负责人和直接主管的负责人承担主要领导责任，参与决策和工作的班子其他成员承担重要领导责任，对错误决策或者行为提出明确反对意见而没有被采纳的，不承担领导责任；涉及的个人责任，具体负责的工作人员承担直接责任，领导班子主要负责人和直接主管的负责人承担领导责任。
法宝联想
司法案例
司法案例(1)
法学期刊
法学期刊(1)
　　第十二条　根据情节轻重，对各级党政机关领导干部、工作人员的责任追究采取通报、诫勉、组织调整或者组织处理、纪律处分的方式进行。上述追责方式，可以单独使用，也可以合并使用。
　　涉嫌违法犯罪的，按照国家有关法律规定处理。
　　第十三条　对具有本办法第十一条所列情形、情节较轻的，由有管理权限的党政机关对相关责任人进行通报，限期整改。
　　第十四条　对受到通报后仍未按期完成整改目标，或者具有本办法第十一条所列情形且危害严重以及影响重大的，由有管理权限的党政机关对相关责任人进行诫勉，督促限期整改。同时，取消该地区、部门和单位本年度评选综合性荣誉称号的资格。
　　第十五条　对受到诫勉后仍未按期完成整改目标，或者有本办法第十一条所列情形且危害特别严重以及影响特别重大的，由有管理权限的党政机关对相关责任人采取停职检查、调整职务、责令辞职、降职、免职等组织调整或者组织处理措施。
　　第十六条　对在信访工作中失职失责的相关责任人，应当给予党纪政纪处分的，依纪依法追究责任。

　第五章　附　则　



　　第十七条　各省、自治区、直辖市，中央和国家机关各部门，可以根据本办法制定实施细则。
　　中央军事委员会可以根据本办法，结合中国人民解放军和中国人民武装警察部队的实际情况，制定具体规定。
　　第十八条　本办法由国家信访局负责解释。
　　第十九条　本办法自2016年10月8日起施行。此前发布的有关信访工作责任制的规定，凡与本办法不一致的，按照本办法执行。


"
"中共中央办公厅、国务院办公厅印发《关于创新群众工作方法解决信访突出问题的意见》的通知
（2013年12月20日　中办发[2013]27号）","

            
            中共中央办公厅、国务院办公厅印发《关于创新群众工作方法解决信访突出问题的意见》的通知
（2013年12月20日　中办发[2013]27号）
　　《关于创新群众工作方法解决信访突出问题的意见》已经中央同意，现印发给你们，请结合实际认真贯彻执行。
关于创新群众工作方法解决信访突出问题的意见

　　近年来，各地区各部门认真贯彻落实中央决策部署，解决了大量群众生产生活中遇到的困难和问题，赢得了群众拥护，凝聚了党心民心。同时应当看到，一些地方和部门还不同程度地存在损害群众利益、伤害群众感情的现象，引发了大量信访问题，尤其是在征地拆迁、劳动和社会保障、教育医疗、企业改制、环境保护等方面的信访问题比较突出，群众反映强烈。为深入贯彻落实党的十八大和十八届三中全会精神，推动信访工作制度改革，解决好人民群众最关心最直接最现实的利益问题，进一步密切党同人民群众的血肉联系，巩固和扩大党的群众路线教育实践活动成果，夯实党执政的群众基础，促进社会和谐稳定，现就创新群众工作方法、解决信访突出问题提出如下意见。　　一、着力从源头上预防和减少信访问题发生
　　（一）加大保障和改善民生力度。将保障和改善民生作为预防和化解矛盾纠纷的基础性工作，更加注重落实好各项民生政策，优先保障民生支出。针对土地征用、房屋拆迁、劳动和社会保障等方面的突出问题，加强顶层设计，完善相关政策，全力推动落实。
　　（二）提高科学民主决策水平。完善决策机制和程序，增强决策透明度和公众参与度。建立健全人民建议征集制度，鼓励和引导人民群众对党和政府工作献计献策。对与人民群众利益密切相关的决策事项，要通过举行座谈会、听证会、论证会等形式广泛听取意见，充分考虑大多数人的利益。健全重大决策社会稳定风险评估机制，把社会稳定风险评估作为重大决策出台的前置程序和刚性门槛，对决策可能引发的各种风险进行科学预测、综合研判，确定风险等级并制定相应的化解处置预案。在评估中要充分听取信访、维稳、综治等部门的意见。健全决策纠错改正机制，实时跟踪决策实施情况，及时了解利益相关方和社会公众对决策实施的意见和建议，全面评估决策执行效果，适时决定是否对决策予以调整或者停止执行。落实决策责任追究制度，对违反决策规定、出现重大决策失误而造成重大损失或者恶劣影响的，按照谁决策、谁负责的原则，严肃追究决策者的党纪政纪责任，触犯法律的依法追究其法律责任。
　　（三）坚持依法办事。各级国家机关及其工作人员要严格按照法定权限和程序行使权力、履行职责。强化各级干部带头学法尊法守法用法意识，提高依法办事能力。依法保障人民群众参与社会治理和公共事务，坚决纠正限制和干涉群众正常信访活动的错误做法。注重运用法治思维和法治方式化解矛盾纠纷，防止以闹求解决、以访谋私利、无理缠访闹访等现象发生。严格落实行政执法责任制，对于不作为、乱作为的，依法追究责任。深化司法体制改革，确保司法公平公正。建立健全冤假错案责任追究制度，实行法官、检察官、人民警察对办案质量终身负责制，严肃查处刑讯逼供、暴力取证、隐匿伪造证据等违法行为，不断提高司法公信力。
　　（四）改进工作作风。发扬求真务实、真抓实干、密切联系群众的优良作风，深入基层调查研究，解决突出问题。总结推广干部进村入户、送政策送温暖送服务、记民情日记、建民情档案等做法，坚持与群众共同分析研究解决实际问题。坚决反对形式主义、官僚主义、享乐主义和奢靡之风，做到联系群众而不脱离群众、服务群众而不损害群众、解决问题而不引发问题，进一步密切党群干群关系。
　　二、进一步畅通和规范群众诉求表达渠道
　　（五）健全公开透明的诉求表达和办理方式。完善民生热线、视频接访、绿色邮政、信访代理等做法，更加重视群众来信尤其是初次来信办理，引导群众更多以书信、电话、传真、视频、电子邮件等形式表达诉求，树立通过上述形式也能有效解决问题的导向。实行网上受理信访制度，大力推行阳光信访，全面推进信访信息化建设，建立网下办理、网上流转的群众信访事项办理程序，实现办理过程和结果可查询、可跟踪、可督办、可评价，增强透明度和公正性；逐步推行信访事项办理群众满意度评价，把办理工作置于群众监督之下，提高信访公信力。
　　（六）突出领导干部接访下访重点。把领导干部接访下访作为党员干部直接联系群众的一项重要制度，与下基层调查研究、深入联系点、扶贫帮困等结合起来，提高工作实效性。省级领导干部每半年至少1天、市厅级领导干部每季度至少1天、县（市、区、旗）领导干部每月至少1天、乡镇（街道）领导干部每周至少1天到信访接待场所，按照属地管理、分级负责的原则接待群众来访，省、市及其工作部门领导干部一般不接待越级上访。在坚持定点接访的同时，更多采取重点约访、专题接访、带案下访、下基层接访、领导包案等方式，把行政资源集中用于解决重大疑难复杂问题、检验施政得失、完善政策措施、加强督查问效上。
　　（七）完善联合接访运行方式。按照一站式接待、一条龙办理、一揽子解决的要求，在市、县两级全部实行联合接访，减少群众信访成本，提高工作效率。加强对进驻联合接访场所责任部门的动态管理，做到信访问题突出的责任部门及时进驻，信访问题明显减少的责任部门有序退出；推行律师参与接访、心理咨询疏导和专业社会工作服务等第三方介入的方法，促进问题解决。
　　（八）引导群众依法逐级反映诉求。深入学习宣传贯彻《信访条例》，加快推进信访工作法治化建设。严格落实《信访条例》关于“属地管理、分级负责，谁主管、谁负责，依法、及时、就地解决问题与疏导教育相结合”的原则，健全依法及时就地解决群众合理诉求机制，进一步强化属地责任，积极引导群众以理性合法方式逐级表达诉求，不支持、不受理越级上访。中央和国家机关来访接待部门对应到而未到省级职能部门反映诉求的，或者省级职能部门正在处理且未超出法定处理期限的，或者信访事项已经依法终结的，不予受理。各地可结合实际制定具体实施办法。依法维护信访秩序，对信访活动中的违法犯罪行为，由公安机关依法处理。
　　（九）充分发挥法定诉求表达渠道作用。按照涉法涉诉信访工作机制改革的总体要求，严格实行诉讼与信访分离，把涉法涉诉信访纳入法治轨道解决，建立涉法涉诉信访依法终结制度。各级政府信访部门对涉法涉诉事项不予受理，引导信访人依照规定程序向有关政法机关提出，或者及时转同级政法机关依法办理。完善法院、检察院、公安、司法行政机关信访事项受理办理制度，落实便民利民措施，为群众提供便捷高效热情服务。完善诉讼、仲裁、行政复议等法定诉求表达方式，使合理合法诉求通过法律程序得到解决。加强司法能力建设，不断满足人民群众日益增长的司法需求，让人民群众在每一个司法案件中都感受到公平正义。
　　三、健全解决信访突出问题工作机制
　　（十）完善信访联席会议制度。强化各级信访联席会议综合协调、组织推动、督导落实等职能作用，形成整合资源、解决信访突出问题的工作合力。根据实际需要，及时调整成员单位组成和专项工作小组设置，进一步明确各自职责任务，建立健全相关工作制度，特别注重从政策层面研究解决带有倾向性、普遍性和合理性的突出问题。
　　（十一）健全解决特殊疑难信访问题工作机制。综合运用法律、政策、经济、行政等手段和教育、协商、调解、疏导等办法，认真解决特殊疑难信访问题，做到诉求合理的解决问题到位，诉求无理的思想教育到位，生活困难的帮扶救助到位，行为违法的依法处理。建立信访听证制度，对疑难复杂信访问题进行公开听证，促进息诉息访；规范信访事项复查复核工作，对已审核认定办结的信访事项不再受理；健全信访事项协商会办等制度，明确相关责任，加大化解“三跨三分离”信访事项力度。
　　（十二）健全统筹督查督办信访事项工作机制。建立健全党委和政府统一领导、信访联席会议组织实施、相关职能部门共同参与的督查督办工作机制，进一步加大解决和化解信访突出问题的力度。对久拖不决、涉及面广、群众反映强烈、社会关注度高的重大疑难信访突出问题，列入党委和政府督查机构督查范围；采取有针对性的方法，加强对重点地区、重点领域、重点问题的跟踪督查和问效。各级党委和政府要支持信访部门开展督查，重视信访部门提出的改进工作、完善政策、给予处分等建议。
　　（十三）健全科学合理的信访工作考核评价体系。改进和完善考核方式，综合考虑各地区经济社会发展情况、人口数量、地域特点、信访总量、诉求构成、解决问题的质量和效率等因素，合理设置考核项目和指标，不简单以信访数量多少为标准进行考评，推动各地区把工作重点放在预防和解决问题上。坚持量化考核和综合评议、上级评议和群众评议、平时考核和阶段性考核相结合，提高考核的科学性、客观性和可信度。
　　（十四）健全经常性教育疏导机制。认真研究把握新形势下思想政治工作特点和规律，教育和引导群众正确认识发展中存在的问题，正确处理个人利益和集体利益、局部利益和全局利益、当前利益和长远利益的关系，确立与当前经济社会发展阶段相适应的心理预期，自觉维护改革发展稳定大局。充分运用现代科技手段，通过建立政务微博、民生微信、民情QQ群等方式，搭建联系群众、体察民情、回应民意的新平台，提高互联网时代做好群众思想政治工作的能力和水平。
　　四、全面夯实基层基础
　　（十五）健全基层组织网络。进一步强化基层基础工作，把更多人力物力财力投向基层，把问题解决在基层，把矛盾化解在基层。创新党组织设置，推动党的组织和工作全覆盖。加强基层服务型党组织建设，提升基层党组织服务群众、做群众工作的能力和水平。建立健全基层民主管理机制，落实党务公开、政务公开、厂务公开、村务公开制度，充分调动群众民主参与、民主管理、民主监督的积极性。进一步加强乡镇（街道）、村（社区）、机关、企事业单位、社会组织党组织建设，建立健全解决问题、化解矛盾的基层综合服务管理平台。
　　（十六）组织动员社会力量参与。完善党代表、人大代表、政协委员联系群众制度，组织老干部、老党员、老模范、老教师、老军人等参与解决和化解信访突出问题相关工作。发挥工会、共青团、妇联等人民团体优势，做好组织引导服务群众和维护群众权益工作。制定扶持引导政策，通过政府购买服务、提供办公场所等形式，发挥好社会组织的积极作用。建立健全群众参与机制和激励机制，把群众工作触角延伸到家家户户；引导村（社区）制定符合国家法律的村规民约，运用道德、习俗、伦理的力量调节关系、化解纠纷。
　　（十七）加大社会矛盾纠纷排查化解工作力度。把矛盾纠纷排查化解工作的重心从事后处理转移到事前预防上来，做到发现得早、化解得了、控制得住、处理得好。健全矛盾纠纷预警机制，加强信息汇集分析研判；推行民情分析会、民情恳谈会等做法，充分发挥村（社区）、企事业单位信息员、调解员的作用。全面推行网格化管理模式，完善信访和人民调解、行政调解、司法调解联动工作体系，实现小事不出村、大事不出乡、矛盾不上交。
　　五、切实加强组织领导
　　（十八）严格落实信访工作责任。各级党委和政府要把信访工作作为党的群众工作的重要组成部分和送上门来的群众工作，把创新群众工作方法、解决信访突出问题列入重要议事日程，定期研究部署，认真组织推动。落实主要领导负总责、分管领导具体负责、其他领导一岗双责，一级抓一级、层层抓落实的领导体制，为解决和化解信访突出问题提供组织保障。加大问责力度，对损害群众利益、造成信访突出问题的，对群众反映的问题推诿扯皮、不认真解决造成不良影响的，严肃追究责任。
　　（十九）强化舆论引导。各级党委宣传部门和新闻媒体要高度重视对创新群众工作方法、解决信访突出问题的正面宣传和舆论引导，大力宣传党委和政府为保障和改善民生所付出的艰苦努力、取得的巨大成绩，大力推广解决群众合理诉求、维护群众合法权益的典型经验和做法，发出主流声音，树立正确导向；选择典型案例，向社会曝光无理缠访闹访、违法聚集滋事而依法受到处理的行为。
　　（二十）加强信访干部队伍建设。各级党委和政府要重视和加强信访干部队伍建设，根据形势任务需要，不断充实信访工作力量。完善后备干部、新提拔干部和中青年干部到信访部门、信访干部到基层一线挂职锻炼制度；选拔群众工作经验丰富的干部到信访部门工作，重视信访干部的使用，深入开展信访干部交流工作，增强信访干部队伍活力，不断提高做好新形势下群众工作、解决信访突出问题的能力。
　　各地区各部门要按照中央要求，深入研究和准确把握新形势下群众工作的新特点新规律新要求，进一步转变工作作风，努力提高带着责任和感情做好群众工作的能力、提高解决信访突出问题的能力、提高从源头上预防和化解矛盾纠纷的能力，维护群众合法权益，维护社会公平正义，维护社会和谐稳定。


        "
"
国务院办公厅关于印发国家信访局主要职责内设机构和人员编制规定的通知
（国办发[2009]22号）","

            
            
国务院办公厅关于印发国家信访局主要职责内设机构和人员编制规定的通知
（国办发[2009]22号）
各省、自治区、直辖市人民政府，国务院各部委、各直属机构：
　　《国家信访局主要职责内设机构和人员编制规定》已经国务院批准，现予印发。
国务院办公厅
二00九年三月二日

国家信访局主要职责
内设机构和人员编制规定

　　根据《国务院关于部委管理的国家局设置的通知》(国发[2008]12号)，设立国家信访局(副部级)，为国务院办公厅管理的国家局，业务上接受中共中央办公厅、国务院办公厅指导。　　一、职责调整
　　(一)加强对信访工作的综合协调指导职责，推动建立健全信访工作协调配合机制，充分发挥中央处理信访突出问题及群体性事件联席会议办公室的作用。
　　(二)加强对信访问题排查化解和信访信息汇集分析职责，将信访工作的重心由事后处理转移到事前排查化解，增强信访工作的预见性和针对性。
　　(三)加强对重大信访事项督查督办职责，完善信访诉求表达方式，进一步畅通信访渠道，确保信访工作决策部署得到贯彻落实，推动群众信访问题得到妥善解决。
　　二、主要职责
　　(一)负责处理国内群众、境外人士、法人及其他组织通过信访渠道给党中央、国务院及领导同志的来信来电，接待来访。
　　(二)负责向党中央、国务院及中共中央办公厅、国务院办公厅反映来信来电来访中提出的重要建议、意见和问题，综合研判信访信息，开展调查研究，提出制定修改完善有关方针、政策和法律法规的建议。
　　(三)承担督促检查领导同志有关批示件落实情况的责任，拟订信访督查制度并组织实施，承办中央领导同志交办信访事项的落实，向地方和部门转办、交办信访事项，督促检查重要信访事项的处理和落实。
　　(四)承担协调处理群众集体来京上访和非正常上访的责任，综合协调处理跨地区、跨部门的重要信访问题。
　　(五)综合协调指导全国信访工作，起草有关信访工作的方针、政策和法律、法规草案，推动中央关于信访工作决策部署的贯彻落实，总结推广各地区、各部门信访工作经验，提出改进和加强信访工作的意见和建议，检查、指导中央党、政、军各部门的信访工作和地方党、政机关的信访工作。
　　(六)制定信访问题排查化解制度并组织实施，建立和完善信访信息汇集分析机制，指导信访信息系统建设和应用；
　　(七)承担中央处理信访突出问题及群体性事件联席会议的日常工作，督促落实联席会议决定的事项。
　　(八)协调信访工作的宣传和信息发布，协调信访工作外事活动和对外交流。
　　(九)承办党中央、国务院及中共中央办公厅、国务院办公厅交办的其他事项。
　　三、内设机构
　　根据上述职责，国家信访局设9个内设机构(副司局级)：
　　(一)办公室。
　　负责文电、会务、机要、档案等机关日常运转工作；承担信息、应急、财务、资产管理、保密、安全保卫、政务公开等工作。
　　(二)综合指导司。
　　承办指导检查中央和国家机关及地方信访工作，综合分析研判信访形势，提出指导意见，督促检查地方和部门处理信访突出问题；起草有关信访工作的方针政策，提出改进和加强信访工作的建议；拟订信访问题排查化解制度并组织实施；承办中央处理信访突出问题及群体性事件联席会议办公室的日常工作。
　　(三)办信一司。
　　承办群众来信中重要信息的汇总、分析和反映工作；签收、统计分析来信，起草、发送有关文稿；办理华北、中南地区和中央机关群众来信及港澳台、境外人士来信；转送、交办、督办重要来信事项；向相关省(区、市)党委、政府通报群众来信情况。
　　(四)办信二司。
　　办理华东、东北、西北、西南地区的群众来信，反映重要来信信息；转送、交办、督办重要来信事项；向相关省(区、市)党委、政府通报群众来信情况。
　　(五)来访接待司(对外称“中共中央办公厅、国务院办公厅人民来访接待室”)。
　　承办接待国内群众和境外人士来访工作；反映群众来访中的重要信息，转送、交办、督办重要来访事项；指导协调地方、部门处理接待来访中遇到的复杂问题；协调处理群众集体来访、非正常上访，维护来访秩序。
　　(六)研究室。
　　开展信访工作的调查研究；起草信访法律法规草案；承办信访理论研究和新闻宣传工作；承办相关的行政复议和行政应诉等工作。
　　(七)督查室。
　　拟订信访督查制度并组织实施；督查督办领导同志交办的信访事项以及其他重要信访事项；提出对部门改进工作、完善政策、给予处分和违反信访工作纪律实施责任追究的建议；督导、协调、推动地方和部门办理重要信访事项；承办信访督查专员的日常管理和服务工作。
　　(八)人事司。
　　承办机关和直属单位的人事管理、机构编制及队伍建设等工作；承办对外交流和局外事工作。
　　(九)国家投诉受理办公室。
　　受理国内群众、境外人士、法人署真实姓名以电子邮件、信函形式提出的投诉事项；转送、交办、督办重要投诉事项；综合分析和反映重要投诉事项信息；向相关省(区、市)党委、政府和中央有关部门通报投诉受理情况。
　　机关党委　负责机关和直属单位的党群工作，办事机构设在人事司。
　　离退休干部办公室　负责机关离退休干部工作，指导直属单位的离退休干部工作。
　　四、人员编制
　　国家信访局机关行政编制为233名(含援派机动编制1名、离退休干部工作人员编制12名)。其中：局长1名、副局长4名，信访督查专员8名(其中正司局级4名、副司局级4名)，正副司长职数31名 (含机关党委专职副书记1名、离退休干部办公室领导职数1名)。
　　五、其他事项
　　所属事业单位的设置、职责和编制事项另行规定。
　　六、附则
　　本规定由中央机构编制委员会办公室负责解释，其调整由中央机构编制委员会办公室按规定程序办理。


        "
"中共中央、国务院关于进一步加强新时期信访工作的意见
（2007年3月10日 中发[2007]5号）","

            
            中共中央、国务院关于进一步加强新时期信访工作的意见
（2007年3月10日 中发[2007]5号）
　　信访工作是党和政府的一项重要工作，是构建社会主义和谐社会的基础性工作。做好新时期的信访工作，对于全面落实科学发展观，发展社会主义民主政治，维护人民群众的合法权益，加强党风建设尤其是干部作风建设，密切党和政府与人民群众的血肉联系，全面建设小康社会、构建和谐社会，具有十分重要的意义。为深入贯彻落实党的十六届六中全会精神，现就进一步加强新时期信访工作提出如下意见。　　一、充分认识信访工作在构建社会主义和谐社会中的重要作用，进一步强化做好新时期信访工作的政治责任
　　（一）正确认识当前信访工作面临的新形势。党中央、国务院对信访工作高度重视。党的十六大以来，以胡锦涛同志为总书记的党中央从全局和战略的高度，对信访工作作出了一系列重要决策部署。各级党委、政府认真贯彻落实中央精神，积极畅通信访渠道，依法规范信访秩序，切实解决群众合理诉求，妥善处理信访突出问题和群体性事件，全面加强信访工作各项建设，取得了明显成效。当前，我国社会总体上是和谐稳定的。但由于我国已进入改革发展的关键时期，工业化、城镇化、市场化、国际化加快推进，经济体制深刻变革，社会结构深刻变动，利益格局深刻调整，思想观念深刻变化，这既给我国发展进步带来巨大活力，也必然带来这样那样的矛盾和问题。其中，大量矛盾和问题通过信访渠道反映出来，加上一些地方和部门的工作不到位，一些干部的作风不扎实，一些群众的法制观念比较淡薄，使信访问题进一步凸显，信访工作面临的任务十分繁重。各级党委、政府要正确把握我国发展的阶段性特征，科学分析产生信访问题的原因和背景，深刻认识做好新时期信访工作的长期性、艰巨性，进一步加强新时期信访工作，使信访工作更好地适应新形势新任务的要求。
　　（二）切实增强做好新时期信访工作的责任感。我们党来自于人民，植根于人民。始终代表最广大人民的根本利益，保持与人民群众的血肉联系，是我们党能够战胜各种困难和风险、不断取得事业成功的根本保证。信访工作作为党的群众工作的重要组成部分，是党和政府联系群众的桥梁、倾听群众呼声的窗口、体察群众疾苦的重要途径，在正确处理人民内部矛盾、维护社会和谐稳定、加强党风廉政建设和反腐败斗争中发挥着重要作用。各级党委、政府一定要从坚持立党为公、执政为民的高度，从全面落实科学发展观、促进经济社会又好又快发展的高度，从提高党的执政能力、巩固党的执政地位的高度，深刻认识做好新时期信访工作的重要性，进一步增强做好信访工作的责任感和使命感，自觉把信访工作放在构建社会主义和谐社会的重要位置，切实抓紧抓好。
　　二、明确新时期信访工作的指导思想和目标任务，把握信访工作的正确方向
　　（三）新时期信访工作的指导思想。以邓小平理论和“三个代表”重要思想为指导，全面落实科学发展观，认真贯彻党中央、国务院关于加强新时期信访工作的一系列重要决策部署，紧紧围绕全党全国工作大局，牢记为民宗旨，发扬务实作风，坚持依法按政策办事，切实维护社会公平正义，最大限度地增加和谐因素、减少不和谐因素，为全面建设小康社会、构建社会主义和谐社会作出新的更大贡献。
　　（四）新时期信访工作的目标任务。以切实维护群众合法权益、及时反映社情民意、着力促进社会和谐为目标，构建统一领导、部门协调，统筹兼顾、标本兼治，各负其责、齐抓共管的信访工作新格局，建立畅通、有序、务实、高效的信访工作新秩序，形成与构建社会主义和谐社会目标任务相适应的信访工作新机制，推进信访工作的制度化、规范化和法制化。
　　三、坚持依法按政策解决问题，切实维护群众合法权益
　　（五）在政策制定中统筹兼顾各方利益。要把实现好、维护好、发展好最广大人民的根本利益作为制定政策的出发点和落脚点，正确处理最广大人民的根本利益、现阶段群众的共同利益和不同群体的特殊利益的关系，统筹兼顾各方面群的利益。要坚持科学决策、民主决策、依法决策，综合考虑改革的力度、发展的速度和社会可承受的程度；保持政策的严肃性、连续性、稳定性，注意相关政策之间的关联性。在制定政策时，要充分听取各方面的意见，重视信访部门的意见和建议。
　　（六）认真解决群众合理诉求。对群众信访反映的问题，要做到“件件有着落、事事有回音”。法律法规和政策有明确规定的，要依法按政策抓紧解决；对群众要求合理、但法律法规和政策没有明确规定或规定不够完善的，要抓紧研究制定和完善法律、政策；对群众提出的应当解决但因客观条件不具备一时难以解决的问题，要主动说明情况，向群众解释清楚，取得群众的理解和支持，同时积极创造条件适时予以解决；对群众提出的不合理要求，要进行说服教育、积极引导。要坚持依法按政策办事，不能突破法律法规和政策规定。
　　（七）着力解决信访突出问题。要把解决信访突出问题作为工作重点，按照“属地管理、分级负责”， “谁主管、谁负责”， “依法、及时、就地解决问题与疏导教育相结合”的信访工作原则，切实把信访突出问题妥善处理在本地区本部门、解决在基层。当前，尤其是要着力解决好土地征收征用、城市建设拆迁、环境保护、企业重组改制和破产、涉法涉诉等方面群众反映强烈的问题。要组织有权处理信访问题的责任部门积极开展联合接访，促进重大疑难突出问题的解决。要高度重视涉法涉诉信访问题的解决。各级司法部门、行政执法部门要切实履行职责，严格公正执法，妥善解决信访人的合理诉求。各级党委政法委要加强协调指导和督促检查，认真解决好群众反映强烈的有法不依、执法不公等问题。
　　（八）坚持解决实际问题与加强思想政治工作相结合。要充分发挥党的思想政治工作优势，在依据法律法规和政策规定解决群众反映问题的同时，加强有针对性的思想教育，切实做好解疑释惑、疏导情绪、化解矛盾的工作。要认真研究和把握新形势下群众思想政治工作的特点和规律，切实把处理群众信访问题的过程作为思想教育和政策法制宣传的过程，帮助群众了解实际情况、了解党和国家的方针政策和法律法规、了解各方面为解决问题所作的努力，引导群众正确处理个人利益和集体利益、局部利益和全局利益、当前利益和长远利益的关系，自觉维护改革发展稳定的大局。
　　四、进一步畅通信访渠道，依法规范信访秩序
　　（九）完善信访诉求表达方式。要充分尊重和保护人民群众的信访权利，对群众来访要坚持文明热情接待，对群众来信要认真负责办理，坚决纠正限制和干涉群众正常信访活动的错误做法，确保信访渠道畅通。要通过开通信访绿色邮政、专线电话、网上信访等多种渠道，引导群众更多地以书信、传真、电子邮件等书面形式表达诉求，确保民情、民意、民智顺畅上达。建立全国信访信息系统，设立国家投诉受理中心，为群众反映问题、提出意见建议、查询办理情况提供便利条件，为督查信访工作提供工作平台，确保群众诉求得到及时反映和有效处理。
　　（十）广泛征集人民群众的意见和建议。要建立健全人民建议征集制度，切实保障公民的知情权、参与权、表达权、监督权，引导人民群众对党和政府的工作积极献计献策，鼓励和支持人民群众以各种方式参与国家事务管理。要对人民建议进行认真汇集和分析研究，对重要的意见和建议进行深入调研和论证，对正确合理的意见充分肯定和采纳，及时发现问题，改进工作，完善政策，接受监督。
　　（十一）大力推行领导干部接待群众来访制度。要认真坚持党政领导干部阅批群众来信、定期接待群众来访、带案下访和包案处理信访问题等制度。完善党政领导干部和党代会代表、人大代表、政协委员联系信访群众制度，拓宽社情民意表达渠道。各级领导干部要坚持经常深入基层、深入群众，开展调查研究，倾听群众意见，了解群众愿望，关心群众疾苦，及时为群众排忧解难。
　　（十二）认真履行信访工作职责。要健全和完善科学规范的受理、交办、督办、回复群众信访事项的工作规则和制度，确保信访事项得到及时妥善处理。有权处理信访问题的责任部门要严格按照《信访条例》的有关规定，认真负责地办理信访事项，不得推诿拖延。要抓紧建立解决重复上访、多次信访问题的长效机制，着力化解长期积累的矛盾纠纷。要以是否依法按政策处理到位作为衡量信访事项办理质量的主要标准，做到实事求是、客观公正，经得起实践和历史的检验。
　　（十三）依法规范信访行为。要进一步加强法制宣传教育，把握正确的舆论导向，引导群众正确履行公民权利和义务，以理性合法的形式表达利益诉求、解决利益矛盾，自觉维护社会安定团结。对信访活动中少数人违反有关法律法规，损害国家、社会、集体利益和其他公民合法权益的行为，要依法严肃处理。要高度警惕极少数别有用心的人和境外敌对势力插手人民内部矛盾的图谋，依法严厉打击其利用信访活动进行渗透破坏的行为。
　　五、建立健全长效工作机制，努力提高信访工作效率和管理水平
　　（十四）建立健全信访工作综合协调机制。各级党委、政府要充分发挥主导作用，加强组织协调，整合社会管理资源，形成做好信访工作的强大合力。要综合运用政策、法律、经济、行政等手段和教育、协商、调解、疏导、听证等办法，动员和组织社会各方面力量，及时妥善地处理信访问题。地方之间、部门之间、地方与部门之间要加强配合、密切协作，共同处理好跨地区跨部门的信访问题。要充分发挥联席会议和信访部门的综合协调指导作用，形成上下联动、左右协调、运转高效、综合施治的工作机制。
　　（十五）建立健全信访问题排查化解机制。要把信访工作的重心从事后处理转移到事前排查化解上来，做到发现得早、化解得了、控制得住、处理得好。要坚持经常排查和集中排查相结合，及早发现信访苗头和倾向，特别是对群众反映强烈的热点、难点问题，要进行重点排查。对排查出的问题，要严格落实化解责任，明确主要负责人、责任单位和责任人员，限期妥善解决，切实把问题解决在基层，把矛盾化解在萌芽状态。
　　（十六）建立健全信访信息汇集分析机制。要健全和完善多层次、全方位的信息报送网络，确保信息传递渠道畅通。要及时、准确、全面、有效地报送信访信息，不得迟报、漏报和瞒报。要综合开发利用信息资源，进一步提高分析研判水平，增强工作的预见性和针对性，牢牢把握工作主动权。
　　（十七）建立健全信访督查工作机制。要建立健全党委和政府统一领导、信访部门组织实施、各职能部门共同参与的信访督查工作机制。要配齐配强督查力量，建立和完善信访督查专员制度，不断加大督查工作力度，确保信访工作决策部署得到贯彻落实，推动群众信访问题得到妥善解决。县级以上地方党委、政府要支持和保证信访部门充分履行督查办尤其是提出改进工作、完善政策、给予处分建议的职责。要加强对典型经验的总结推广和宣传，推动信访工作健康发展。
　　六、着力加强基层基础工作，提高基层预防和妥善处理信访问题的能力
　　（十八）提高基层化解矛盾的能力。绝大多数信访问题发生在基层，信访工作的重心也应放在基层。要牢固树立固本强基的思想，做到重心下移、关口前移，及时化解矛盾，就地解决信访问题。要着力加强基层党组织和基层政权建设，下大气力抓好基层领导班子和干部队伍建设，增强基层组织解决矛盾的能力。要教育引导基层干部改进思想作风和工作作风，防止因滥用职权、作风粗暴侵害群众合法权益而引发信访问题。要高度重视并认真解决群众初信初访反映的问题。要加强基层信访工作机构建设，乡镇（街道）、村（居）委会要有相应的机构或人员负责信访工作，县（市、区）政府及有关部门要向社区派出接访员，形成层层有人抓、有人管的基层信访工作网络。国有大中型企业和事业单位要根据实际情况设立信访工作机构，或配备专（兼）职信访工作人员。
　　（十九）加强县级信访工作。预防和解决基层发生的信访问题，县级是关键。要高度重视县级信访工作，切实加强指导，特别是对信访问题较多、群众上访量大、工作比较薄弱的地方，要帮助解决存在的问题，不断提高信访工作整体水平。要建立健全县级党委常委会和政府办公会研究信访工作的制度，及时研究信访工作，提出加强和改进工作的措施。
　　七、进一步加强对信访工作的领导，构建信访工作新格局
　　（二十）健全信访工作领导体制。各级党委、政府要高度重视信访工作，切实将信访工作列入重要议事日程，定期听取信访工作汇报，认真研究部署信访工作。要明确分管信访工作的负责同志，形成强有力的领导机制。各级信访部门的机构设置、人员配备要与形势任务相适应；中央和国家机关特别是与群众生产生活密切相关的部门、单位，要根据各自工作任务，配齐配强信访工作力量；各级人大、政协、法院、检察院以及工会、共青团、妇联等人民团体要在党委的统一领导下，切实抓好各自职责范围内的信访工作。国家信访局要加强对全国信访工作的协调指导。
　　（二十一）认真落实信访工作领导责任制。各地区各部门的主要领导是信访工作的第一责任人，对本地区本部门的信访工作负总责，对重要信访事项要亲自推动解决；分管信访工作的领导负直接责任，抓各项具体工作的落实；其他领导成员“一岗双责”，按照分工抓好分管方面的信访工作，形成一级抓一级、层层抓落实的信访工作领导责任体系。要建立科学的信访工作考核评价办法，将信访工作情况作为各级领导班子和领导干部考核的内容。要严格实行信访工作责任追究制，对因官僚主义、形式主义、违法行政、侵害群众合法权益引发信访问题，或对群众反映的信访问题推诿扯皮、敷衍塞责、不认真解决并造成严重后果的，要对有关领导和责任人予以党纪政纪处分；触犯法律的，要依法追究法律责任。
　　（二十二）切实加强信访部门领导班子和干部队伍建设。各级党委、政府要高度重视信访部门领导班子和干部队伍建设，配齐配强领导力量，优化班子结构，努力培养造就一支政治坚定、纪律严明、办事公道、作风优良、熟悉法律法规和政策、拥有丰富群众工作经验、具备较强社会管理能力的信访干部队伍。要加大信访干部的培养、教育、使用和交流力度，对政治素质好、业务能力强、工作业绩突出的，要予以重用；对长期从事信访工作、作出突出贡献的，要给予表彰和奖励；对信访系统先进事迹，要及时总结推广，树立好的典型，倡导好的作风。要进一步探索建立后备干部和新提拔干部到信访部门锻炼的制度，把信访部门作为培养锻炼干部的重要基地。中央信访工作机构要研究制定信访工作人才队伍的培养规划。要高度重视信访部门基础建设，进一步加大对信访工作的投入，建设好群众上访接待场所，改善信访部门的办公条件；信访工作办公经费和处理信访事项的业务经费列入财政预算，予以保证。广大信访干部要切实增强为人民服务的宗旨意识，继续发扬信访工作的优良传统，扎扎实实地做好新时期的信访工作，为全面建设小康社会、构建社会主义和谐社会需努力奋斗。
　　军队系统的信访工作，由解放军总政治部按照本意见精神另行规定。


        "
"
国务院法制办公室、国家信访局对《信访条例》
第三十四条、第三十五条中“上一级行政机关”的
含义及《信访条例》适用问题的解释
（国法函[2005]253号　2005年6月3日）","

            
            
国务院法制办公室、国家信访局对《信访条例》
第三十四条、第三十五条中“上一级行政机关”的
含义及《信访条例》适用问题的解释
（国法函[2005]253号　2005年6月3日）
各省、自治区、直辖市法制工作机构、信访局（办）：
　　根据《信访条例》的立法精神和所确定的原则，经国务院批准，现对《信访条例》第三十四条、第三十五条中“上一级行政机关”的含义及《信访条例》的适用问题解释如下：　　一、《信访条例》第三十四条、第三十五条中“上一级行政机关”的含义：原办理行政机关、复查机关是设区的市级以下人民政府工作部门的，其上一级行政机关是指本级人民政府或者上一级人民政府主管部门；原办理行政机关、复查机关是省级人民政府工作部门的，其上一级行政机关是指本级人民政府。
　　二、信访人在2005年5月1日前提出的信访事项尚未办理完毕的，参照新修订的《信访条例》的规定办理；已经办结，信访人提出新的事实或者理由重新信访的，按照新修订的《信访条例》的规定办理。不能提出新的事实或者理由的，不再重新受理。


        "
"中华人民共和国国务院令
（第431号）
","

            
            中华人民共和国国务院令
（第431号）
　　《信访条例》已经2005年1月5日国务院第76次常务会议通过，现予公布，自2005年5月1日起施行。
总理　温家宝二00五年一月十日

信访条例
第一章　总则
　　第一条　为了保持各级人民政府同人民群众的密切联系，保护信访人的合法权益，维护信访秩序，制定本条例。法宝联想法宝新AI法律法规规范性文件(1)司法案例司法案例(94)法学期刊法学期刊(19)专题参考专题参考(2)　　第二条　本条例所称信访，是指公民、法人或者其他组织采用书信、电子邮件、传真、电话、走访等形式，向各级人民政府、县级以上人民政府工作部门反映情况，提出建议、意见或者投诉请求，依法由有关行政机关处理的活动。　　采用前款规定的形式，反映情况，提出建议、意见或者投诉请求的公民、法人或者其他组织，称信访人。法宝联想法宝新AI法律法规规范性文件(2)司法案例司法案例(5460)法学期刊法学期刊(42)法宝律师律所实务(1)专题参考专题参考(12)　　第三条　各级人民政府、县级以上人民政府工作部门应当做好信访工作，认真处理来信、接待来访，倾听人民群众的意见、建议和要求，接受人民群众的监督，努力为人民群众服务。　　各级人民政府、县级以上人民政府工作部门应当畅通信访渠道，为信访人采用本条例规定的形式反映情况，提出建议、意见或者投诉请求提供便利条件。　　任何组织和个人不得打击报复信访人。法宝联想法宝新AI法律法规规范性文件(6)法律动态(2)司法案例司法案例(443)法学期刊法学期刊(10)法宝律师律所实务(1)专题参考专题参考(4)　　第四条　信访工作应当在各级人民政府领导下，坚持属地管理、分级负责，谁主管、谁负责，依法、及时、就地解决问题与疏导教育相结合的原则。法宝联想法宝新AI法律法规规范性文件(8)司法案例司法案例(822)法学期刊法学期刊(9)法宝律师律所实务(1)专题参考专题参考(1)　　第五条　各级人民政府、县级以上人民政府工作部门应当科学、民主决策，依法履行职责，从源头上预防导致信访事项的矛盾和纠纷。　　县级以上人民政府应当建立统一领导、部门协调，统筹兼顾、标本兼治，各负其责、齐抓共管的信访工作格局，通过联席会议、建立排查调处机制、建立信访督查工作制度等方式，及时化解矛盾和纠纷。　　各级人民政府、县级以上人民政府各工作部门的负责人应当阅批重要来信、接待重要来访、听取信访工作汇报，研究解决信访工作中的突出问题。法宝联想法宝新AI法律法规规范性文件(4)司法案例司法案例(52)法学期刊法学期刊(5)专题参考专题参考(2)　　第六条　县级以上人民政府应当设立信访工作机构；县级以上人民政府工作部门及乡、镇人民政府应当按照有利工作、方便信访人的原则，确定负责信访工作的机构（以下简称信访工作机构）或者人员，具体负责信访工作。　　县级以上人民政府信访工作机构是本级人民政府负责信访工作的行政机构，履行下列职责：　　（一）受理、交办、转送信访人提出的信访事项；　　（二）承办上级和本级人民政府交由处理的信访事项；　　（三）协调处理重要信访事项；　　（四）督促检查信访事项的处理；　　（五）研究、分析信访情况，开展调查研究，及时向本级人民政府提出完善政策和改进工作的建议；　　（六）对本级人民政府其他工作部门和下级人民政府信访工作机构的信访工作进行指导。法宝联想法宝新AI法律法规规范性文件(5)法规解读(1)法律动态(1)司法案例司法案例(812)法学期刊法学期刊(12)法宝律师律所实务(1)专题参考专题参考(7)　　第七条　各级人民政府应当建立健全信访工作责任制，对信访工作中的失职、渎职行为，严格依照有关法律、行政法规和本条例的规定，追究有关责任人员的责任，并在一定范围内予以通报。　　各级人民政府应当将信访工作绩效纳入公务员考核体系。法宝联想法宝新AI法律法规规范性文件(3)法律动态(1)司法案例司法案例(32)法学期刊法学期刊(3)专题参考专题参考(1)　　第八条　信访人反映的情况，提出的建议、意见，对国民经济和社会发展或者对改进国家机关工作以及保护社会公共利益有贡献的，由有关行政机关或者单位给予奖励。　　对在信访工作中做出优异成绩的单位或者个人，由有关行政机关给予奖励。法宝联想法宝新AI法律法规规范性文件(8)法律动态(1)司法案例司法案例(64)法学期刊法学期刊(6)专题参考专题参考(3)第二章　信访渠道　　第九条　各级人民政府、县级以上人民政府工作部门应当向社会公布信访工作机构的通信地址、电子信箱、投诉电话、信访接待的时间和地点、查询信访事项处理进展及结果的方式等相关事项。　　各级人民政府、县级以上人民政府工作部门应当在其信访接待场所或者网站公布与信访工作有关的法律、法规、规章，信访事项的处理程序，以及其他为信访人提供便利的相关事项。法宝联想法宝新AI法律法规规范性文件(3)法律动态(1)司法案例司法案例(86)法学期刊法学期刊(2)专题参考专题参考(1)　　第十条　设区的市级、县级人民政府及其工作部门，乡、镇人民政府应当建立行政机关负责人信访接待日制度，由行政机关负责人协调处理信访事项。信访人可以在公布的接待日和接待地点向有关行政机关负责人当面反映信访事项。　　县级以上人民政府及其工作部门负责人或者其指定的人员，可以就信访人反映突出的问题到信访人居住地与信访人面谈沟通。法宝联想法宝新AI法律法规规范性文件(2)司法案例司法案例(144)法学期刊法学期刊(2)专题参考专题参考(1)　　第十一条　国家信访工作机构充分利用现有政务信息网络资源，建立全国信访信息系统，为信访人在当地提出信访事项、查询信访事项办理情况提供便利。　　县级以上地方人民政府应当充分利用现有政务信息网络资源，建立或者确定本行政区域的信访信息系统，并与上级人民政府、政府有关部门、下级人民政府的信访信息系统实现互联互通。法宝联想法宝新AI法律法规法律法规规章(1)部门规章(1)司法案例司法案例(53)法学期刊法学期刊(2)　　第十二条　县级以上各级人民政府的信访工作机构或者有关工作部门应当及时将信访人的投诉请求输入信访信息系统，信访人可以持行政机关出具的投诉请求受理凭证到当地人民政府的信访工作机构或者有关工作部门的接待场所查询其所提出的投诉请求的办理情况。具体实施办法和步骤由省、自治区、直辖市人民政府规定。法宝联想法宝新AI司法案例司法案例(221)法学期刊法学期刊(3)法宝律师律所实务(1)　　第十三条　设区的市、县两级人民政府可以根据信访工作的实际需要，建立政府主导、社会参与、有利于迅速解决纠纷的工作机制。　　信访工作机构应当组织相关社会团体、法律援助机构、相关专业人员、社会志愿者等共同参与，运用咨询、教育、协商、调解、听证等方法，依法、及时、合理处理信访人的投诉请求。法宝联想法宝新AI法律法规规范性文件(1)司法案例司法案例(14)法学期刊法学期刊(4)法宝律师律所实务(2)专题参考专题参考(2)第三章　信访事项的提出　　第十四条　信访人对下列组织、人员的职务行为反映情况，提出建议、意见，或者不服下列组织、人员的职务行为，可以向有关行政机关提出信访事项：　　（一）行政机关及其工作人员；　　（二）法律、法规授权的具有管理公共事务职能的组织及其工作人员；　　（三）提供公共服务的企业、事业单位及其工作人员；　　（四）社会团体或者其他企业、事业单位中由国家行政机关任命、派出的人员；　　（五）村民委员会、居民委员会及其成员。　　对依法应当通过诉讼、仲裁、行政复议等法定途径解决的投诉请求，信访人应当依照有关法律、行政法规规定的程序向有关机关提出。法宝联想法宝新AI法律法规法律法规规章(1)部门规章(1)规范性文件(87)法律动态(4)司法案例司法案例(2488)法学期刊法学期刊(27)专题参考专题参考(13)　　第十五条　信访人对各级人民代表大会以及县级以上各级人民代表大会常务委员会、人民法院、人民检察院职权范围内的信访事项，应当分别向有关的人民代表大会及其常务委员会、人民法院、人民检察院提出，并遵守本条例第十六条、第十七条、第十八条、第十九条、第二十条的规定。法宝联想法宝新AI法律法规规范性文件(11)法律动态(1)司法案例司法案例(438)法学期刊法学期刊(12)专题参考专题参考(4)　　第十六条　信访人采用走访形式提出信访事项，应当向依法有权处理的本级或者上一级机关提出；信访事项已经受理或者正在办理的，信访人在规定期限内向受理、办理机关的上级机关再提出同一信访事项的，该上级机关不予受理。法宝联想法宝新AI法律法规规范性文件(7)司法案例司法案例(4688)法学期刊法学期刊(6)专题参考专题参考(3)　　第十七条　信访人提出信访事项，一般应当采用书信、电子邮件、传真等书面形式；信访人提出投诉请求的，还应当载明信访人的姓名（名称）、住址和请求、事实、理由。　　有关机关对采用口头形式提出的投诉请求，应当记录信访人的姓名（名称）、住址和请求、事实、理由。法宝联想法宝新AI司法案例司法案例(134)专题参考专题参考(1)　　第十八条　信访人采用走访形式提出信访事项的，应当到有关机关设立或者指定的接待场所提出。　　多人采用走访形式提出共同的信访事项的，应当推选代表，代表人数不得超过5人。法宝联想法宝新AI法律法规法律法规规章(1)部门规章(1)规范性文件(15)司法案例司法案例(13740)法学期刊法学期刊(9)专题参考专题参考(3)　　第十九条　信访人提出信访事项，应当客观真实，对其所提供材料内容的真实性负责，不得捏造、歪曲事实，不得诬告、陷害他人。法宝联想法宝新AI法律法规法律法规规章(1)部门规章(1)规范性文件(5)司法案例司法案例(127)法学期刊法学期刊(2)专题参考专题参考(1)　　第二十条　信访人在信访过程中应当遵守法律、法规，不得损害国家、社会、集体的利益和其他公民的合法权利，自觉维护社会公共秩序和信访秩序，不得有下列行为：　　（一）在国家机关办公场所周围、公共场所非法聚集，围堵、冲击国家机关，拦截公务车辆，或者堵塞、阻断交通的；　　（二）携带危险物品、管制器具的；　　（三）侮辱、殴打、威胁国家机关工作人员，或者非法限制他人人身自由的；　　（四）在信访接待场所滞留、滋事，或者将生活不能自理的人弃留在信访接待场所的；　　（五）煽动、串联、胁迫、以财物诱使、幕后操纵他人信访或者以信访为名借机敛财的；　　（六）扰乱公共秩序、妨害国家和公共安全的其他行为。法宝联想法宝新AI法律法规法律法规规章(2)部门规章(2)规范性文件(57)法律动态(1)司法案例司法案例(6824)法学期刊法学期刊(9)专题参考专题参考(2)第四章　信访事项的受理　　第二十一条　县级以上人民政府信访工作机构收到信访事项，应当予以登记，并区分情况，在15日内分别按下列方式处理：　　（一）对本条例第十五条规定的信访事项，应当告知信访人分别向有关的人民代表大会及其常务委员会、人民法院、人民检察院提出。对已经或者依法应当通过诉讼、仲裁、行政复议等法定途径解决的，不予受理，但应当告知信访人依照有关法律、行政法规规定程序向有关机关提出。　　（二）对依照法定职责属于本级人民政府或者其工作部门处理决定的信访事项，应当转送有权处理的行政机关；情况重大、紧急的，应当及时提出建议，报请本级人民政府决定。　　（三）信访事项涉及下级行政机关或者其工作人员的，按照“属地管理、分级负责，谁主管、谁负责”的原则，直接转送有权处理的行政机关，并抄送下一级人民政府信访工作机构。　　县级以上人民政府信访工作机构要定期向下一级人民政府信访工作机构通报转送情况，下级人民政府信访工作机构要定期向上一级人民政府信访工作机构报告转送信访事项的办理情况。　　（四）对转送信访事项中的重要情况需要反馈办理结果的，可以直接交由有权处理的行政机关办理，要求其在指定办理期限内反馈结果，提交办结报告。　　按照前款第（二）项至第（四）项规定，有关行政机关应当自收到转送、交办的信访事项之日起15日内决定是否受理并书面告知信访人，并按要求通报信访工作机构。法宝联想法宝新AI法律法规法律法规规章(1)部门规章(1)规范性文件(24)法规解读(1)法律动态(2)司法案例司法案例(2024)法学期刊法学期刊(23)专题参考专题参考(7)　　第二十二条　信访人按照本条例规定直接向各级人民政府信访工作机构以外的行政机关提出的信访事项，有关行政机关应当予以登记；对符合本条例第十四条第一款规定并属于本机关法定职权范围的信访事项，应当受理，不得推诿、敷衍、拖延；对不属于本机关职权范围的信访事项，应当告知信访人向有权的机关提出。　　有关行政机关收到信访事项后，能够当场答复是否受理的，应当当场书面答复；不能当场答复的，应当自收到信访事项之日起15日内书面告知信访人。但是，信访人的姓名（名称）、住址不清的除外。　　有关行政机关应当相互通报信访事项的受理情况。法宝联想法宝新AI法律法规规范性文件(14)法规解读(1)司法案例司法案例(790)法学期刊法学期刊(2)专题参考专题参考(2)　　第二十三条　行政机关及其工作人员不得将信访人的检举、揭发材料及有关情况透露或者转给被检举、揭发的人员或者单位。法宝联想法宝新AI司法案例司法案例(157)法学期刊法学期刊(2)专题参考专题参考(1)　　第二十四条　涉及两个或者两个以上行政机关的信访事项，由所涉及的行政机关协商受理；受理有争议的，由其共同的上一级行政机关决定受理机关。法宝联想法宝新AI法律法规规范性文件(8)司法案例司法案例(20)专题参考专题参考(1)　　第二十五条　应当对信访事项作出处理的行政机关分立、合并、撤销的，由继续行使其职权的行政机关受理；职责不清的，由本级人民政府或者其指定的机关受理。法宝联想法宝新AI司法案例司法案例(19)专题参考专题参考(1)　　第二十六条　公民、法人或者其他组织发现可能造成社会影响的重大、紧急信访事项和信访信息时，可以就近向有关行政机关报告。地方各级人民政府接到报告后，应当立即报告上一级人民政府；必要时，通报有关主管部门。县级以上地方人民政府有关部门接到报告后，应当立即报告本级人民政府和上一级主管部门；必要时，通报有关主管部门。国务院有关部门接到报告后，应当立即报告国务院；必要时，通报有关主管部门。　　行政机关对重大、紧急信访事项和信访信息不得隐瞒、谎报、缓报，或者授意他人隐瞒、谎报、缓报。法宝联想法宝新AI法律法规规范性文件(2)法律动态(1)司法案例司法案例(36)法学期刊法学期刊(1)　　第二十七条　对于可能造成社会影响的重大、紧急信访事项和信访信息，有关行政机关应当在职责范围内依法及时采取措施，防止不良影响的产生、扩大。法宝联想法宝新AI司法案例司法案例(20)法学期刊法学期刊(1)第五章　信访事项的办理和督办　　第二十八条　行政机关及其工作人员办理信访事项，应当恪尽职守、秉公办事，查明事实、分清责任，宣传法制、教育疏导，及时妥善处理，不得推诿、敷衍、拖延。法宝联想法宝新AI法律法规规范性文件(1)司法案例司法案例(110)专题参考专题参考(1)　　第二十九条　信访人反映的情况，提出的建议、意见，有利于行政机关改进工作、促进国民经济和社会发展的，有关行政机关应当认真研究论证并积极采纳。法宝联想法宝新AI法律法规法规解读(1)司法案例司法案例(13)法学期刊法学期刊(1)　　第三十条　行政机关工作人员与信访事项或者信访人有直接利害关系的，应当回避。法宝联想法宝新AI司法案例司法案例(63)专题参考专题参考(1)　　第三十一条　对信访事项有权处理的行政机关办理信访事项，应当听取信访人陈述事实和理由；必要时可以要求信访人、有关组织和人员说明情况；需要进一步核实有关情况的，可以向其他组织和人员调查。　　对重大、复杂、疑难的信访事项，可以举行听证。听证应当公开举行，通过质询、辩论、评议、合议等方式，查明事实，分清责任。听证范围、主持人、参加人、程序等由省、自治区、直辖市人民政府规定。法宝联想法宝新AI法律法规规范性文件(13)司法案例司法案例(157)法学期刊法学期刊(7)专题参考专题参考(5)　　第三十二条　对信访事项有权处理的行政机关经调查核实，应当依照有关法律、法规、规章及其他有关规定，分别作出以下处理，并书面答复信访人：　　（一）请求事实清楚，符合法律、法规、规章或者其他有关规定的，予以支持；　　（二）请求事由合理但缺乏法律依据的，应当对信访人做好解释工作；　　（三）请求缺乏事实根据或者不符合法律、法规、规章或者其他有关规定的，不予支持。　　有权处理的行政机关依照前款第（一）项规定作出支持信访请求意见的，应当督促有关机关或者单位执行。法宝联想法宝新AI法律法规法律法规规章(3)部门规章(1)地方性法规(2)规范性文件(10)司法案例司法案例(956)法学期刊法学期刊(6)法宝律师律所实务(1)专题参考专题参考(6)　　第三十三条　信访事项应当自受理之日起60日内办结；情况复杂的，经本行政机关负责人批准，可以适当延长办理期限，但延长期限不得超过30日，并告知信访人延期理由。法律、行政法规另有规定的，从其规定。法宝联想法宝新AI法律法规规范性文件(12)司法案例司法案例(992)法学期刊法学期刊(4)专题参考专题参考(1)　　第三十四条　信访人对行政机关作出的信访事项处理意见不服的，可以自收到书面答复之日起30日内请求原办理行政机关的上一级行政机关复查。收到复查请求的行政机关应当自收到复查请求之日起30日内提出复查意见，并予以书面答复。法宝联想法宝新AI法律法规规范性文件(36)司法案例司法案例(4341)法学期刊法学期刊(11)专题参考专题参考(2)　　第三十五条　信访人对复查意见不服的，可以自收到书面答复之日起30日内向复查机关的上一级行政机关请求复核。收到复核请求的行政机关应当自收到复核请求之日起30日内提出复核意见。　　复核机关可以按照本条例第三十一条第二款的规定举行听证，经过听证的复核意见可以依法向社会公示。听证所需时间不计算在前款规定的期限内。　　信访人对复核意见不服，仍然以同一事实和理由提出投诉请求的，各级人民政府信访工作机构和其他行政机关不再受理。法宝联想法宝新AI法律法规规范性文件(52)司法案例司法案例(3355)法学期刊法学期刊(12)专题参考专题参考(2)　　第三十六条　县级以上人民政府信访工作机构发现有关行政机关有下列情形之一的，应当及时督办，并提出改进建议：　　（一）无正当理由未按规定的办理期限办结信访事项的；　　（二）未按规定反馈信访事项办理结果的；　　（三）未按规定程序办理信访事项的；　　（四）办理信访事项推诿、敷衍、拖延的；　　（五）不执行信访处理意见的；　　（六）其他需要督办的情形。　　收到改进建议的行政机关应当在30日内书面反馈情况；未采纳改进建议的，应当说明理由。法宝联想法宝新AI法律法规规范性文件(16)法律动态(1)司法案例司法案例(522)法学期刊法学期刊(2)法宝律师律所实务(1)专题参考专题参考(2)　　第三十七条　县级以上人民政府信访工作机构对于信访人反映的有关政策性问题，应当及时向本级人民政府报告，并提出完善政策、解决问题的建议。法宝联想法宝新AI法律法规规范性文件(2)司法案例司法案例(11)法学期刊法学期刊(1)法宝律师律所实务(1)专题参考专题参考(1)　　第三十八条　县级以上人民政府信访工作机构对在信访工作中推诿、敷衍、拖延、弄虚作假造成严重后果的行政机关工作人员，可以向有关行政机关提出给予行政处分的建议。法宝联想法宝新AI法律法规规范性文件(2)司法案例司法案例(49)法学期刊法学期刊(2)法宝律师律所实务(1)　　第三十九条　县级以上人民政府信访工作机构应当就以下事项向本级人民政府定期提交信访情况分析报告：　　（一）受理信访事项的数据统计、信访事项涉及领域以及被投诉较多的机关；　　（二）转送、督办情况以及各部门采纳改进建议的情况；　　（三）提出的政策性建议及其被采纳情况。法宝联想法宝新AI法律法规法律法规规章(1)部门规章(1)司法案例司法案例(4)第六章　法律责任　　第四十条　因下列情形之一导致信访事项发生，造成严重后果的，对直接负责的主管人员和其他直接责任人员，依照有关法律、行政法规的规定给予行政处分；构成犯罪的，依法追究刑事责任：　　（一）超越或者滥用职权，侵害信访人合法权益的；　　（二）行政机关应当作为而不作为，侵害信访人合法权益的；　　（三）适用法律、法规错误或者违反法定程序，侵害信访人合法权益的；　　（四）拒不执行有权处理的行政机关作出的支持信访请求意见的。法宝联想法宝新AI法律法规法律法规规章(2)部门规章(2)规范性文件(1)司法案例司法案例(232)法学期刊法学期刊(2)　　第四十一条　县级以上人民政府信访工作机构对收到的信访事项应当登记、转送、交办而未按规定登记、转送、交办，或者应当履行督办职责而未履行的，由其上级行政机关责令改正；造成严重后果的，对直接负责的主管人员和其他直接责任人员依法给予行政处分。法宝联想法宝新AI法律法规法律法规规章(1)部门规章(1)规范性文件(1)司法案例司法案例(46)法学期刊法学期刊(2)　　第四十二条　负有受理信访事项职责的行政机关在受理信访事项过程中违反本条例的规定，有下列情形之一的，由其上级行政机关责令改正；造成严重后果的，对直接负责的主管人员和其他直接责任人员依法给予行政处分：　　（一）对收到的信访事项不按规定登记的；　　（二）对属于其法定职权范围的信访事项不予受理的；　　（三）行政机关未在规定期限内书面告知信访人是否受理信访事项的。法宝联想法宝新AI法律法规规范性文件(5)司法案例司法案例(109)　　第四十三条　对信访事项有权处理的行政机关在办理信访事项过程中，有下列行为之一的，由其上级行政机关责令改正；造成严重后果的，对直接负责的主管人员和其他直接责任人员依法给予行政处分：　　（一）推诿、敷衍、拖延信访事项办理或者未在法定期限内办结信访事项的；　　（二）对事实清楚，符合法律、法规、规章或者其他有关规定的投诉请求未予支持的。法宝联想法宝新AI法律法规规范性文件(6)司法案例司法案例(147)法学期刊法学期刊(1)　　第四十四条　行政机关工作人员违反本条例规定，将信访人的检举、揭发材料或者有关情况透露、转给被检举、揭发的人员或者单位的，依法给予行政处分。　　行政机关工作人员在处理信访事项过程中，作风粗暴，激化矛盾并造成严重后果的，依法给予行政处分。法宝联想法宝新AI法律法规规范性文件(4)司法案例司法案例(33)法学期刊法学期刊(1)　　第四十五条　行政机关及其工作人员违反本条例第二十六条规定，对可能造成社会影响的重大、紧急信访事项和信访信息，隐瞒、谎报、缓报，或者授意他人隐瞒、谎报、缓报，造成严重后果的，对直接负责的主管人员和其他直接责任人员依法给予行政处分；构成犯罪的，依法追究刑事责任。法宝联想法宝新AI法律法规规范性文件(3)司法案例司法案例(13)　　第四十六条　打击报复信访人，构成犯罪的，依法追究刑事责任；尚不构成犯罪的，依法给予行政处分或者纪律处分。法宝联想法宝新AI法律法规规范性文件(3)司法案例司法案例(151)法学期刊法学期刊(2)　　第四十七条　违反本条例第十八条、第二十条规定的，有关国家机关工作人员应当对信访人进行劝阻、批评或者教育。　　经劝阻、批评和教育无效的，由公安机关予以警告、训诫或者制止；违反集会游行示威的法律、行政法规，或者构成违反治安管理行为的，由公安机关依法采取必要的现场处置措施、给予治安管理处罚；构成犯罪的，依法追究刑事责任。法宝联想法宝新AI法律法规法律法规规章(1)部门规章(1)规范性文件(4)司法案例司法案例(3169)法学期刊法学期刊(11)专题参考专题参考(2)　　第四十八条　信访人捏造歪曲事实、诬告陷害他人，构成犯罪的，依法追究刑事责任；尚不构成犯罪的，由公安机关依法给予治安管理处罚。法宝联想法宝新AI法律法规规范性文件(2)司法案例司法案例(51)第七章　附则　　第四十九条　社会团体、企业事业单位的信访工作参照本条例执行。法宝联想法宝新AI司法案例司法案例(31)　　第五十条　对外国人、无国籍人、外国组织信访事项的处理，参照本条例执行。法宝联想法宝新AI司法案例司法案例(4)　　第五十一条　本条例自2005年5月1日起施行。1995年10月28日国务院发布的《信访条例》同时废止。


法宝联想法宝新AI司法案例司法案例(5)法学期刊法学期刊(1)

        "
"中共中央办公厅、国务院办公厅关于印发《国家
　　　　　　 信访局职能配置、内设机构和人员编制规定》的通知
　　　　　　　　　　　　（厅字〔2000〕5号）","

            
            中共中央办公厅、国务院办公厅关于印发《国家
　　　　　　 信访局职能配置、内设机构和人员编制规定》的通知
　　　　　　　　　　　　（厅字〔2000〕5号）
各省、自治区、直辖市党委和人民政府，各大军区党委，中央和国家机关各部委，军委各总部、各军兵种党委，各人民团体：
　　《国家信访局职能配置、内设机构和人员编制规定》已经党中央、国务院批准，现予印发。
　　　　　　　　　　　　　　　　　　　　　　　　　　中共中央办公厅
　　　　　　　　　　　　　　　　　　　　　　　　　　国务院办公厅
　　　　　　　　　　　　　　　　　　　　　　　　　　2000年2月13日
　　　　　　　 国家信访局职能配置、内设机构和人员编制规定
　　根据《中共中央关于党中央部门机构改革的意见》（中发〔1999〕8号）、《国务院关于部委管理的国家局设置的通知》（国发〔1998〕6号）和党中央、国务院领导同志的有关批示精神，中办国办信访局更名为国家信访局。国家信访局为国务院办公厅管理的负责信访工作的行政机构，业务上接受中共中央办公厅、国务院办公厅指导。　　一、主要职责
　　（一）负责处理国内群众和境外人士给党中央、国务院的来信，接待群众来访，保证信访渠道畅通；及时、准确地向党中央、国务院和中共中央办公厅、国务院办公厅领导同志反映来信来访中提出的重要建议、意见和问题；综合分析信访信息，开展调查研究，提出制定有关方针、政策的建议。
　　（二）承办党中央、国务院和中共中央办公厅、国务院办公厅领导同志交办的信访事项，督促检查领导同志有关批示件的落实情况；向地方和部门交办信访事项，督促检查重要信访事项的处理和落实。
　　（三）协调处理跨地区、跨部门的重要信访问题；协调处理群众集体来京上访和异常、突发信访事件；检查、协调中央党、政、军各部门信访工作和地方党、政机关的信访工作。
　　（四）指导全国信访业务工作；研究、起草有关信访工作的方针、政策和法律、法规草案；总结推广各地区、各部门信访工作的经验，提出改进和加强信访工作的意见和建设。
　　（五）了解并掌握信访工作队伍建设情况，组织信访干部的培训；指导信访部门办公自动化建设。
　　（六）负责信访工作的宣传和信息发布；协调信访工作外事活动和对外交流。
　　（七）承办党中央、国务院和中共中央办公厅、国务院办公厅领导同志交办的其他事项。
　　二、内设机构
　　根据上述职责，国家信访局设6个职能司（室）。
　　（一）办公厅
　　负责机关文秘、机要、机要、档案、保密、信息和办公自动化等工作，协助局领导处理机关日常事务。
　　（二）办信司
　　办理国内群众和境外人士给党中央、国务院，中央政治局常委、委员，中央书记处书记，国家主席、副主席，国务院总理、副总理、国务委员以及中共中央办公厅、国务院办公厅的来信；反映群众来信的重要信息，督办重要的来信案件；向地方和部门通信来信情况；办理有关信访事项。
　　（三）来访接待司（对外称“中共中央办公厅、国务院办公厅人民来访接待室”）
　　接待国内群众和境外人士的来访；处理群众集体上访和有关突发事件；反映群众来访中的重要情况，督办重要的来访案件；协调处理地方、部门接待群众来访中遇到的复杂问题及有关信访的重要事项。
　　（四）研究室
　　综合分析、反映信访动态和信息，开展信访工作的调查研究，督促检查重要信访案件的办理情况；组织起草有关文件和法律、法规草案；负责信访工作方面的经验交流；编辑、征订和发行《人民信访》及有关资料。
　　（五）行政财务司
　　负责机关行政事务、后勤保障和安全保卫工作；维护群众来访秩序，协调收容遣送工作；实施财务预算和管理工作，负责信访业务经费的管理和使用；承担房产、资产、车辆的管理；负责社区联络工作；管理局招待所。
　　（六）人事教育司
　　负责机关和所属事业单位的人事工作；组织信访干部的培训工作；承办机关党委的日常工作。
　　机关党委。负责局机关和所属事业单位的党群工作；协调机关精神文明建设。办事机构设在人事教育司。
　　三、人员编制
　　国家信访局行政编制170名。其中局长1名，副局长4名；正副司长职数21名（含机关党委专职副书记）。
　　离退休干部工作机构、后勤服务机构及编制，按有关规定另行核定。


        "
"　　　　　　　　　　　　　信访信息工作暂行办法
　　　　　　　　　（中共中央办公厅、国务院办公厅信访局
　　　　　　　　　　　　1996年11月14日）","

            
            　　　　　　　　　　　　　信访信息工作暂行办法
　　　　　　　　　（中共中央办公厅、国务院办公厅信访局
　　　　　　　　　　　　1996年11月14日）　　第一条　为了加强信访信息工作，使信访信息工作规范化、制度化，更好地为领导机关了解情况，科学决策和指导工作服务，根据《信访条例》的规定，制定本办法。
　　第二条　从人民群众来信来访中筛选和报送信息，为党委和政府提供信息服务，是各级党委和政府信访部门的一项重要职责。
　　第三条　县级以上党委和政府信访部门要明确一位负责同志分管信访信息工作，确定负责具体办理信访信息工作的机构或者人员。
　　第四条　信访信息工作要坚持党的基本路线，紧紧围绕党和政府的中心工作，反映群众信访中的重点、难点、热点问题，群众的意见、建议和要求，向党委和政府提供有参考价值的信息。
　　第五条　报送信访信息，要实事求是，主题鲜明，重点突出，言简意赅。对于重要的信访信息，应当进行必要的核实，以保证信息的准确可靠。
　　第六条　报送信访信息应当快速及时，急事、要事和异常突发性群众集体上访应当迅速报送；必要时应当追踪连续报送。
　　第七条　信访信息工作应当与调查研究工作相结合，加强综合分析，力求反映的情况和问题客观、全面，有一定的深度和广度，努力做到有情况、有分析、有预测、有建议。
　　第八条　要建立信访信息逐级报告制度。各级党委和政府信访部门应当及时向本级党委和政府以及上级党委和政府信访部门报送信访信息。对上级党委和政府信访部门要求报送的信访信息，下级党委和政府信访部门应当按照要求报送。
　　第九条　各省、自治区、直辖市和计划单列市的信访部门，每半年（当年的7月30日前）和一年（次年的2月15日前）向中办国办信访局报送本地区（含省、地、县）群众信访的基本情况和主要内容，对本地区信访形势的分析与预测；每月20日前综合报送本地区（含省、地、县）上一个月发生的重要信访情况。省、自治区、直辖市和计划单列市信访部门受理的50人以上且事态严重、影响当地社会稳定或有进京可能的群众集体上访，应当在事发后6至12小时以内，向中办国办信访局报送，并及时续报处理进展情况。
　　第十条　上级党委和政府信访部门要加强对下级信访信息网络的管理和指导，建立必要的联系、通报、检查制度，定期发布信息需求要点，通报信息采用情况，交流信息工作经验，保证信息网络灵敏高效运转。
　　第十一条　报送信访信息须经信访部门负责同志审核签发。信访信息要注意保密，未经批准，不得向外泄露。
　　第十二条　信访信息应当报送的内容：
　　（一）群众对党中央、国务院重要决策、政策贯彻落实情况的反映和意见；
　　（二）群众对党和政府工作的意见和建议。
　　（三）容易诱发群众集体上访，影响社会稳定的难点、热点问题。
　　（四）群众信访反映集中、强烈的问题。
　　（五）倾向性、苗头性、突发性重要信访情况，重要社会动态和社情民意。
　　（六）当地党政主要负责同志对信访工作发表的重要讲话，对重要信访问题的批示意见；当地信访工作中的新思路、新举措、新经验。


        "
"中华人民共和国国务院令
（第185号）
","

            
            中华人民共和国国务院令
（第185号）
　　现发布《信访条例》，自1996年1月1日起施行。
　　　　　　　　　　　　　　　　　　　　　　　　　　　总理　李鹏
　　　　　　　　　　　　　　　　　　　　　　　　1995年10月28日

　　　　　　　　　　　　　　　　信访条例

第一章　总则
　　第一条　为了保持各级人民政府同人民的密切联系，保护信访人的合法权益，维护信访秩序，制定本条例。法宝联想法宝新AI法律法规规范性文件(1)司法案例司法案例(94)法学期刊法学期刊(19)专题参考专题参考(2)　　第二条　本条例所称信访，是指公民、法人和其他组织采用书信、电话、走访等形式，向各级人民政府、县级以上各级人民政府所属部门（以下简称各级行政机关）反映情况，提出意见、建议和要求，依法应当由有关行政机关处理的活动。法宝联想法宝新AI法律法规规范性文件(2)司法案例司法案例(5460)法学期刊法学期刊(42)法宝律师律所实务(1)专题参考专题参考(12)　　第三条　各级行政机关应当做好信访工作，认真处理来信、接待来访，倾听人民群众的意见、建议和要求，接受人民群众的监督，努力为人民服务。法宝联想法宝新AI法律法规规范性文件(6)法律动态(2)司法案例司法案例(443)法学期刊法学期刊(10)法宝律师律所实务(1)专题参考专题参考(4)　　第四条　信访工作应当在各级人民政府领导下，坚持分级负责、归口办理，谁主管、谁负责，及时、就地依法解决问题与思想疏导教育相结合的原则。法宝联想法宝新AI法律法规规范性文件(8)司法案例司法案例(822)法学期刊法学期刊(9)法宝律师律所实务(1)专题参考专题参考(1)　　第五条　各级行政机关的负责人应当阅批重要来信、接待重要来访，研究解决信访工作中的问题，检查指导信访工作。法宝联想法宝新AI法律法规规范性文件(4)司法案例司法案例(52)法学期刊法学期刊(5)专题参考专题参考(2)　　第六条　县级以上各级人民政府及其所属部门按照有利工作、方便信访人的原则，确定负责信访工作的机构（以下简称信访工作机构）或者人员，负责具体受理、办理信访事项。法宝联想法宝新AI法律法规规范性文件(5)法规解读(1)法律动态(1)司法案例司法案例(812)法学期刊法学期刊(12)法宝律师律所实务(1)专题参考专题参考(7)第二章　信访人　　第七条　信访人，是指采用书信、电话、走访等形式向各级行政机关反映情况，提出意见、建议和要求的公民、法人和其他组织。法宝联想法宝新AI法律法规规范性文件(3)法律动态(1)司法案例司法案例(32)法学期刊法学期刊(3)专题参考专题参考(1)　　第八条　信访人对下列信访事项，可以向有关行政机关提出：　　（一）对行政机关及其工作人员的批评、建议和要求；　　（二）检举、揭发行政机关工作人员的违法失职行为；　　（三）控告侵害自己合法权益的行为；　　（四）其他信访事项。　　前款第（二）项、第（三）项信访事项，法律、行政法规对处理程序另有规定的，信访人应当依照有关法律、行政法规规定的程序提出。法宝联想法宝新AI法律法规规范性文件(8)法律动态(1)司法案例司法案例(64)法学期刊法学期刊(6)专题参考专题参考(3)　　第九条　信访人对各级人民代表大会以及县级以上各级人民代表大会常务委员会、人民法院、人民检察院职权范围内的信访事项，应当分别向有关的人民代表大会及其常务委员会、人民法院、人民检察院提出。法宝联想法宝新AI法律法规规范性文件(3)法律动态(1)司法案例司法案例(86)法学期刊法学期刊(2)专题参考专题参考(1)　　第十条　信访人的信访事项应当向依法有权作出处理决定的有关行政机关或者其上一级行政机关提出。法宝联想法宝新AI法律法规规范性文件(2)司法案例司法案例(144)法学期刊法学期刊(2)专题参考专题参考(1)　　第十一条　信访人采用走访形式提出意见、建议和要求的，应当到有关行政机关设立或者指定的接待场所提出。　　走访不得围堵、冲击国家机关，不得拦截公务车辆。法宝联想法宝新AI法律法规法律法规规章(1)部门规章(1)司法案例司法案例(53)法学期刊法学期刊(2)　　第十二条　多人反映共同意见、建议和要求的，一般应当采用书信、电话等形式提出；需要采用走访形式的，应当推选代表提出，代表人数不得超过5人。法宝联想法宝新AI司法案例司法案例(221)法学期刊法学期刊(3)法宝律师律所实务(1)　　第十三条　信访人应当如实反映情况，不得捏造、歪曲事实，不得诬告、陷害他人。法宝联想法宝新AI法律法规规范性文件(1)司法案例司法案例(14)法学期刊法学期刊(4)法宝律师律所实务(2)专题参考专题参考(2)　　第十四条　信访人应当遵守信访秩序，不得影响国家机关工作秩序，不得损害接待场所的公私财物，不得纠缠、侮辱、殴打、威胁接待人员，不得携带危险品、爆炸品以及管制器械进入接待场所。法宝联想法宝新AI法律法规法律法规规章(1)部门规章(1)规范性文件(87)法律动态(4)司法案例司法案例(2488)法学期刊法学期刊(27)专题参考专题参考(13)第三章　受理　　第十五条　各级行政机关在其职权范围内，受理信访人提出属于本条例第八条规定的信访事项。法宝联想法宝新AI法律法规规范性文件(11)法律动态(1)司法案例司法案例(438)法学期刊法学期刊(12)专题参考专题参考(4)　　第十六条　信访人提出属于本条例第九条规定的信访事项的，信访工作机构应当根据情况告知信访人分别向有关的人民代表大会及其常务委员会、人民法院、人民检察院提出。　　对已经或者应当通过诉讼、行政复议、仲裁解决的信访事项，信访工作机构应当告知信访人依照有关法律、行政法规的规定办理。法宝联想法宝新AI法律法规规范性文件(7)司法案例司法案例(4688)法学期刊法学期刊(6)专题参考专题参考(3)　　第十七条　涉及两个或者两个以上行政机关的信访事项，由所涉及的行政机关协商受理；受理有争议的，由其共同的上一级行政机关协调决定受理机关。法宝联想法宝新AI司法案例司法案例(134)专题参考专题参考(1)　　第十八条　应当对信访事项作出处理的行政机关合并、撤销的，由继续行使其职权的行政机关受理。法宝联想法宝新AI法律法规法律法规规章(1)部门规章(1)规范性文件(15)司法案例司法案例(13740)法学期刊法学期刊(9)专题参考专题参考(3)　　第十九条　信访人未依照本条例第十条的规定而直接到上级行政机关走访的，信访工作机构应当告知其依照本条例第十条的规定提出；上级行政机关认为有必要直接受理的，可以直接受理。法宝联想法宝新AI法律法规法律法规规章(1)部门规章(1)规范性文件(5)司法案例司法案例(127)法学期刊法学期刊(2)专题参考专题参考(1)　　第二十条　信访工作机构发现来访人员中有传染病人或者疑似传染病人的，应当通报所在地的卫生行政管理部门，由卫生行政管理部门按照国家有关规定处理。法宝联想法宝新AI法律法规法律法规规章(2)部门规章(2)规范性文件(57)法律动态(1)司法案例司法案例(6824)法学期刊法学期刊(9)专题参考专题参考(2)　　第二十一条　信访工作机构发现来访人员中有精神病人的，应当通知精神病人所在地区、单位或者监护人将其接回。　　对不能控制自己行为、妨碍信访秩序的精神病人，信访工作机构可以请求所在地的公安机关将其带离接待场所，并按照国家有关规定予以收容或者遣送，或者通知其所在地区、单位或者监护人将其带回。法宝联想法宝新AI法律法规法律法规规章(1)部门规章(1)规范性文件(24)法规解读(1)法律动态(2)司法案例司法案例(2024)法学期刊法学期刊(23)专题参考专题参考(7)　　第二十二条　信访人不遵守本条例第十一条、第十四条的规定，影响接待工作的，信访工作机构可以给予批评教育；批评教育无效的，信访工作机构可以请求所在地的公安机关将其带离接待场所，并按照国家有关规定予以收容、遣送或者通知其所在地区、单位或者监护人将其带回。法宝联想法宝新AI法律法规规范性文件(14)法规解读(1)司法案例司法案例(790)法学期刊法学期刊(2)专题参考专题参考(2)　　第二十三条　在接待场所携带危险品、爆炸品和管制器械的，公安机关或者信访工作机构应当依法予以收缴。法宝联想法宝新AI司法案例司法案例(157)法学期刊法学期刊(2)专题参考专题参考(1)　　第二十四条　公民、法人和其他组织发现可能造成社会影响的重大、紧急信访事项和信访信息时，可以就近向有关行政机关报告。地方各级人民政府接到报告后，应当立即报告上一级人民政府；必要时，通报有关主管部门。县级以上地方各级人民政府所属部门接到报告后，应当立即报告本级人民政府和上一级主管部门；必要时，通报有关主管部门。国务院有关部门接到报告后，应当立即报告国务院；必要时，通报有关主管部门。法宝联想法宝新AI法律法规规范性文件(8)司法案例司法案例(20)专题参考专题参考(1)　　第二十五条　对于可能造成社会影响的重大、紧急信访事项和信访信息，有关行政机关应当在职权范围内依法采取措施，果断处理，防止不良影响的发生、扩大。法宝联想法宝新AI司法案例司法案例(19)专题参考专题参考(1)第四章　办理　　第二十六条　各级行政机关根据职责权限和信访事项性质，按照下列方式办理信访事项：　　（一）对本机关依法应当或者有权做出处理决定的信访事项，应当直接办理；　　（二）对依法应当由上级行政机关做出处理决定的信访事项，应当及时报送上级行政机关；　　（三）对依法应当由其他行政机关做出处理决定的信访事项，应当及时转送、转交其他行政机关办理。法宝联想法宝新AI法律法规规范性文件(2)法律动态(1)司法案例司法案例(36)法学期刊法学期刊(1)　　第二十七条　各级行政机关及其工作人员办理信访事项，应当恪尽职守，秉公办事，查清事实，分清责任，正确疏导，及时、恰当、正确处理，不得推诿、敷衍、拖延。法宝联想法宝新AI司法案例司法案例(20)法学期刊法学期刊(1)　　第二十八条　办理信访的工作人员与信访事项或者信访人有直接利害关系的，应当回避。法宝联想法宝新AI法律法规规范性文件(1)司法案例司法案例(110)专题参考专题参考(1)　　第二十九条　行政机关及其工作人员在办理信访事项过程中，不得将检举、揭发、控告材料及有关情况透露或者转送给被检举、揭发、控告的人员和单位。　　任何组织和个人不得压制、打击报复、迫害信访人。法宝联想法宝新AI法律法规法规解读(1)司法案例司法案例(13)法学期刊法学期刊(1)　　第三十条　各级行政机关直接办理的信访事项应当在30日内办理完毕，并视情况将办理结果答复信访人；情况复杂的，时限可以适当延长。法宝联想法宝新AI司法案例司法案例(63)专题参考专题参考(1)　　第三十一条　各级行政机关对交办的信访事项，应当自收到之日起90日内办结，并将办理结果报告交办机关；不能按期办结的，应当向交办机关说明情况。　　交办机关认为对交办的信访事项处理不当的，可以要求办理机关重新处理。法宝联想法宝新AI法律法规规范性文件(13)司法案例司法案例(157)法学期刊法学期刊(7)专题参考专题参考(5)　　第三十二条　有关行政机关对转办的信访事项，应当自收到之日起90日内办结，并可以视情况向转办机关回复办理结果。法宝联想法宝新AI法律法规法律法规规章(3)部门规章(1)地方性法规(2)规范性文件(10)司法案例司法案例(956)法学期刊法学期刊(6)法宝律师律所实务(1)专题参考专题参考(6)　　第三十三条　信访人和有关单位对行政机关做出的信访事项处理决定，应当遵守、执行；对处理决定不服的，除依照法律、行政法规的规定申请复议或者提起行政诉讼的外，可以自收到处理决定书之日起30日内请求原办理机关复查。原办理机关应当自收到复查请求之日起30日内提出复查意见，并予以答复。法宝联想法宝新AI法律法规规范性文件(12)司法案例司法案例(992)法学期刊法学期刊(4)专题参考专题参考(1)　　第三十四条　对原办理机关的处理决定或者复查意见不服的，信访人可以自收到处理决定书或者复查意见书之日起30日内请求上一级行政机关复查，上一级行政机关应自收到复查请求之日起30日内提出复查意见。经复查，信访事项处理决定正确的，不再处理。法宝联想法宝新AI法律法规规范性文件(36)司法案例司法案例(4341)法学期刊法学期刊(11)专题参考专题参考(2)　　第三十五条　行政机关发现本机关对信访事项的处理、复查确有错误的，应当重新处理。　　上级行政机关发现下级行政机关对信访事项的处理、复查确有错误的，有权直接处理或者责成下级行政机关重新处理。法宝联想法宝新AI法律法规规范性文件(52)司法案例司法案例(3355)法学期刊法学期刊(12)专题参考专题参考(2)　　第三十六条　各级行政机关应当及时分析信访事项反映的社会情况和人民群众的愿望，提出建议，改进工作。法宝联想法宝新AI法律法规规范性文件(16)法律动态(1)司法案例司法案例(522)法学期刊法学期刊(2)法宝律师律所实务(1)专题参考专题参考(2)第五章　奖励与处罚　　第三十七条　对在信访工作中做出优异成绩的单位或者个人，由有关行政机关给予奖励。法宝联想法宝新AI法律法规规范性文件(2)司法案例司法案例(11)法学期刊法学期刊(1)法宝律师律所实务(1)专题参考专题参考(1)　　第三十八条　信访人提出的建议、意见或者对违法行为的检举、揭发，对国民经济和社会发展或者对改进国家机关工作以及保护社会公共利益有贡献的，由有关行政机关或者单位给予奖励。法宝联想法宝新AI法律法规规范性文件(2)司法案例司法案例(49)法学期刊法学期刊(2)法宝律师律所实务(1)　　第三十九条　行政机关在信访工作中不履行职责、推诿、敷衍、拖延的，上级行政机关可以通报批评，并视情节对有关责任人员依法给予行政处分。法宝联想法宝新AI法律法规法律法规规章(1)部门规章(1)司法案例司法案例(4)　　第四十条　各级行政机关的工作人员，在信访工作中玩忽职守、徇私舞弊，给工作造成损失的，视情节轻重，给予批评教育或者依法给予行政处分；构成犯罪的，依法追究刑事责任。法宝联想法宝新AI法律法规法律法规规章(2)部门规章(2)规范性文件(1)司法案例司法案例(232)法学期刊法学期刊(2)　　第四十一条　信访人妨碍信访秩序的，信访工作机构可以给予批评教育，也可以建议其所在单位给予批评教育或者依法给予行政处分；违反治安管理的，由公安机关依照《中华人民共和国治安管理处罚条例》予以处罚；构成犯罪的，依法追究刑事责任。法宝联想法宝新AI法律法规法律法规规章(1)部门规章(1)规范性文件(1)司法案例司法案例(46)法学期刊法学期刊(2)第六章　附则　　第四十二条　社会团体、企业事业单位的信访工作参照本条例执行。法宝联想法宝新AI法律法规规范性文件(5)司法案例司法案例(109)　　第四十三条　对外国人、无国籍人、外国组织信访事项的处理，参照本条例执行。法宝联想法宝新AI法律法规规范性文件(6)司法案例司法案例(147)法学期刊法学期刊(1)　　第四十四条　本条例自1996年1月1日起施行。



法宝联想法宝新AI法律法规规范性文件(4)司法案例司法案例(33)法学期刊法学期刊(1)

        "
"　　　　　　　　　　　中共中央办公厅、国务院办公厅
　　　　　　　　　　　关于进一步加强信访工作的通知
　　　　　　　　　 （1989年11月19日　厅字[1989]41号）","

            
            　　　　　　　　　　　中共中央办公厅、国务院办公厅
　　　　　　　　　　　关于进一步加强信访工作的通知
　　　　　　　　　 （1989年11月19日　厅字[1989]41号）
　　在党中央、国务院和各级党委、政府的领导下，信访工作在反映社情民意、维护安定团结、促进廉政建设、为民排忧解难、沟通领导机关同人民群众的关系等方面，做了大量工作，取得了明显的成效。特别是在动乱和北京发生反革命暴乱期间，信访战线上的广大同志同党中央保持一致，身处一线，坚持原则，努力工作，为制止动乱、平息反革命暴乱做出了贡献。
　　但是，从全国的情况看，信访工作中还存在着一些需要进一步解决的问题：有的地方和部门对信访工作重视不够；对群众揭发检举的有些问题，转办以后，不抓查处结果，对群众的正确批评、合理意见和要求解决的实际问题，没有回声，致使一些群众越级上访、重复上访。上述问题的存在，不利于密切党和政府与人民群众的关系，不利于加强社会主义民主与法制的建设，不利于调动群众的积极因素。为此，特作如下通知：　　一、各级党委和政府要重视信访工作，切实加强对信访工作的领导。
　　近来，中央领导同志多次对信访工作提出重要意见，肯定了信访工作在党和政府工作中的重要地位，明确了信访工作的基本任务和对信访工作的要求。江泽民同志指出：“信访工作是我们党和政府发扬民主，体察民情，联系群众的重要渠道。当前，为了更好地贯彻党的十三届四中全会精神，各级党委和政府要切实加强对信访工作的领导，使其在加强社会主义民主与法制的建设、密切党和政府与人民群众的关系中，发挥更大的作用。”李鹏同志指出：“人民来信，是人民对党和政府信任的表现，是他们向领导机关反映意见的重要渠道。高度重视和认真处理人民来信，是领导机关应尽的责任，是密切联系群众的重要环节。”他还要求“认真查阅，秉公处理每一封信件，以不辜负人民的希望”。乔石同志也指出：“信访工作是我们党和政府密切联系人民群众的一项重要工作。要确保渠道畅通，对人民反映的问题要认真对待，配合有关部门、地方，弄清情况，妥善解决。”各地区各部门要认真学习和贯彻落实中央领导同志的意见，提高认识，加强领导，使信访工作更好地为党的中心工作服务。
　　二、当前要着重做好的几项工作。
　　(一)做好稳定工作，维护安定团结。维护社会稳定，巩固安定团结，是信访工作中一项重要的、经常性的任务。在党中央、国务院的正确领导下，我们取得了制止动乱、平息反革命暴乱的决定性胜利。但是，目前北京部分地区还在实行戒严，明年要举行第十一届亚运会。维护好北京的社会秩序，对全国各地将产生积极的影响。因此，各地要切实加强基层的信访工作，就地处理好群众的信访问题，减少群众来京上访，坚决劝阻群众集体来京上访。要经常向群众宣传国家的法律、有关规定和党的方针、政策，做好思想疏导工作，把思想工作贯穿在信访工作的始终，切忌简单从事。对于确属无理取闹、带头串连滋事的上访人员，公安及其它有关部门要依据事实和有关规定严肃处理。
　　(二)充分尊重和发挥群众的监督作用，协助党和政府加强廉政建设。群众监督是加强廉政建设的有效措施。党中央、国务院为加强廉政建设、搞好治理整顿作出了一系列重要决定，得到广大干部群众的积极支持。目前，有关这方面的来信来访明显增多。对群众揭发检举的问题，要及时转交有关地方和职能部门妥善处理，件件落实。对揭发检举有功人员应予以鼓励，反映问题不实的，要予以澄清；对捏造事实、诬告他人的行为，要严肃处理。
　　(三)要重视群众的积极意见。广大干部群众出于对党的事业的关心，通过信访渠道提出了大量的积极意见。对于群众的正确批评和合理意见或建议，要认真对待，妥善处理，并要有回声。要采取有效措施，主动征询群众意见，把群众的积极性引导到完成党的中心工作的轨道上来，引导到建设社会主义事业上来。有些地方和部门建立的领导干部接待群众制度、目标管理责任制度、给群众复信制度等，是值得提倡的。
　　(四)按照国家法律、有关规定和党的政策，转请有关职能部门妥善处理群众来信来访反映的实际问题。为民排忧解难，是党和政府全心全意为人民服务宗旨的要求，也是信访工作一项经常性的任务。要满腔热情、认真负责地对待群众反映的每一个问题，按照国家法律、有关规定和党的政策转请有关职能部门妥善处理。对提出不符合法律，规定和政策的要求的群众，要耐心细致地做好思想工作，使其能正确正确对待。
　　三、加强信访部门和信访工作队伍的建设。
　　信访部门是党和政府受理群众来信来访的专门机构。在党委和政府的领导下，信访部门要认真听取和如实反映群众的意见；及时向有关地方、职能部门转办信访案件，催办和了解处理结果；对跨地区、跨部门的有关信访案件，要注意协调落实处理单位；向来信来访人回告处理结果。
　　信访部门要坚持四项基本原则，同党中央保持高度一致；继续坚持“分级负责，归口处理”的原则，逐步完善信访工作制度，加强业务指导。信访机构是做好信访工作的组织保证，要进一步加强。
　　从事信访工作的同志，要继续发扬全心全意为人民服务的精神和密切联系群众、艰苦奋斗的工作作风。党委和政府要关心信访干部的工作、学习和生活。积极提高信访干部的素质，根据有关规定妥善解决信访干部的政治和生活待遇问题。


        "
"国务院关于维护信访工作秩序的几项规定
（一九八０年八月二十二日发布）
","

            
            国务院关于维护信访工作秩序的几项规定（一九八０年八月二十二日发布）
　　为了加强人民来信来访工作，保障接待来访群众工作的顺利进行，特作如下规定。
　一、信访工作是党政机关联系群众的一个重要渠道。各级国家机关必须认真处理人民来信，热情接待群众来访，按照国家的政策和法令，恰当处理群众反映的问题。
法宝联想法学期刊法学期刊(1)　二、来访人员应当自觉遵守国家的政策和法令，遵守信访部门制定的为保障接待上访群众工作顺利进行的有关规章制度。
　三、对于来访人员中已经接待处理完毕、本人坚持不走、说服教育无效的，可以由信访部门出具公函，公安部门协助，送民政部门管理的收容遣送站收容送回。
　四、对于来访人员中有伪造材料、冲击机关、强占接待室、拦截汽车、破坏公物、串连来访人员闹事和殴打工作人员等违法行为的，由公安部门依法处理。
　五、对于来访人员中的麻风病患者，由信访部门通知卫生部门派人检查；其中有传染性的，由卫生部门负责处理，信访部门予以协助。
　六、对于收容送回的来访人员，各地应根据具体情况，妥善处理。


        "
"最高人民法院关于对人民法院立案信访诉服工作成绩突出集体和个人予以表扬的通报
（法〔2025〕78号）","

            
            最高人民法院关于对人民法院立案信访诉服工作成绩突出集体和个人予以表扬的通报
（法〔2025〕78号）
　　近年来，各级人民法院立案信访诉服部门坚持以习近平新时代中国特色社会主义思想为指导，深入贯彻习近平法治思想和总体国家安全观，深刻领悟“两个确立”的决定性意义，增强“四个意识”、坚定“四个自信”、做到“两个维护”，紧紧围绕“努力让人民群众在每一个司法案件中感受到公平正义”目标，坚持为大局服务、为人民司法，持续巩固深化立案登记制改革成果，做优做细司法便民举措，依法做好有访必接、有信必复工作，合力推动矛盾纠纷预防化解，有效维护社会稳定和人民群众合法权益，涌现出一批工作成绩突出的集体和个人。
　　为激励先进、树立榜样，进一步弘扬立案信访诉服部门干警忠诚履职、服务群众的优良作风，进一步加强新时代人民法院立案信访诉服工作，最高人民法院决定，对北京市第一中级人民法院立案庭等100个集体、崔秀春等100名个人予以通报表扬。希望受到表扬的集体和个人珍惜荣誉、再接再厉，切实发挥模范带头作用，以更高标准干在实处、走在前列，为推动人民法院工作高质量发展再立新功、再创佳绩。
　　各级人民法院立案信访诉服部门和广大干警要以受到表扬的集体和个人为榜样，坚持以习近平新时代中国特色社会主义思想为指导，全面贯彻党的二十大和二十届二中、三中全会精神，学深悟透做实习近平法治思想，坚决贯彻落实党中央决策部署，持续巩固深化司法体制改革成果，坚持严格公正司法、做实做深定分止争，积极参与综治中心规范化建设，强化矛盾纠纷源头治理、实质化解，依法规范民事案件立案与调解工作，积极推广应用民事起诉状、答辩状示范文本，大力推进人民法院信访工作法治化，切实担负起为党分忧、为民解难的政治责任、法治责任、审判责任，努力为建设更高水平的平安中国、法治中国作出新的更大贡献。
　　附件：
　　1.人民法院立案信访诉服工作成绩突出集体名单
　　2.人民法院立案信访诉服工作成绩突出个人名单
最高人民法院
2025年5月22日
　　附件1
人民法院立案信访诉服工作成绩突出集体名单
　　北京市
　　第一中级人民法院立案庭
　　门头沟区人民法院立案庭（诉讼服务中心）
　　天津市
　　和平区人民法院立案庭（诉讼服务中心）
　　河北省
　　高级人民法院立案庭
　　承德市中级人民法院立案一庭
　　邢台市中级人民法院立案二庭
　　张家口市桥西区人民法院立案庭（诉讼服务中心）
　　秦皇岛市北戴河区人民法院立案庭
　　保定市满城区人民法院立案庭
　　山西省
　　大同市中级人民法院立案二庭（信访处）
　　朔州市中级人民法院诉讼服务中心
　　临汾市中级人民法院立案第一庭
　　太原市杏花岭区人民法院立案庭
　　太原铁路运输法院（山西转型综合改革示范区人民法院）立案庭
　　内蒙古自治区
　　呼和浩特市中级人民法院立案一庭
　　包头市青山区人民法院立案庭（诉讼服务中心）
　　达拉特旗人民法院立案庭
　　辽宁省
　　沈阳市中级人民法院立案一庭
　　鞍山市中级人民法院立案二庭
　　新宾满族自治县人民法院立案庭
　　阜新市海州区人民法院立案庭（诉讼服务中心）
　　吉林省
　　高级人民法院涉诉信访局信访工作一处
　　通化市中级人民法院立案第一庭
　　大安市人民法院立案第一庭（诉讼服务中心）
　　黑龙江省
　　哈尔滨市中级人民法院立案二庭
　　鸡西市鸡冠区人民法院立案庭（诉讼服务中心）
　　鹤岗市向阳区人民法院立案庭
　　绥化市中级人民法院立案庭
　　哈尔滨铁路运输法院立案庭
　　上海市
　　徐汇区人民法院立案庭（诉讼服务中心、诉调对接中心）
　　江苏省
　　高级人民法院立案庭
　　苏州市中级人民法院立案第一庭
　　宿迁市宿城区人民法院立案庭
　　浙江省
　　高级人民法院审判监督第二庭
　　台州市中级人民法院立案庭
　　海盐县人民法院立案庭（诉讼服务中心）
　　安徽省
　　合肥市中级人民法院立案庭
　　淮南市田家庵区人民法院立案庭（诉讼服务中心）
　　安庆市大观区人民法院立案庭（诉讼服务中心）
　　黄山市中级人民法院信访科
　　福建省
　　龙岩市中级人民法院立案庭
　　厦门市集美区人民法院立案庭（诉讼服务中心）
　　江西省
　　高级人民法院立案一庭
　　景德镇市中级人民法院立案庭
　　宜丰县人民法院立案庭
　　山东省
　　高级人民法院信访处
　　济南市中级人民法院立案庭
　　青岛市中级人民法院立案一庭
　　海阳市人民法院立案庭
　　诸城市人民法院立案庭
　　河南省
　　开封市鼓楼区人民法院立案庭
　　安阳市中级人民法院立案一庭
　　渑池县人民法院立案庭
　　商丘市中级人民法院立案二庭
　　周口市中级人民法院立案二庭
　　邓州市人民法院立案庭
　　湖北省
　　武汉市中级人民法院立案二庭
　　咸宁市中级人民法院立案一庭
　　十堰市郧阳区人民法院立案庭
　　云梦县人民法院立案庭
　　湖南省
　　高级人民法院立案信访局
　　长沙市雨花区人民法院立案庭（诉讼服务中心）
　　汨罗市人民法院立案庭（诉讼服务中心）
　　郴州市北湖区人民法院立案庭（诉讼服务中心）
　　广东省
　　深圳市中级人民法院群众诉求服务处
　　佛山市中级人民法院立案庭
　　高州市人民法院立案庭
　　广州市黄埔区人民法院立案庭（诉讼服务中心）
　　广西壮族自治区
　　高级人民法院立案庭
　　玉林市中级人民法院立案庭
　　南宁市西乡塘区人民法院立案庭（诉讼服务中心）
　　海南省
　　儋州市人民法院立案庭
　　重庆市
　　第一中级人民法院立案庭
　　四川省
　　成都市中级人民法院立案一庭
　　自贡市沿滩区人民法院立案庭（诉讼服务中心）
　　遂宁市船山区人民法院立案庭（诉讼服务中心）
　　南充市中级人民法院立案调解中心
　　甘孜县人民法院立案庭（诉讼服务中心）
　　贵州省
　　遵义市中级人民法院立案第一庭
　　毕节市大方县人民法院立案庭（诉讼服务中心）
　　云南省
　　昆明市中级人民法院立案一庭
　　建水县人民法院立案庭
　　南华县人民法院立案庭
　　江城哈尼族彝族自治县人民法院立案庭
　　西藏自治区
　　高级人民法院涉法涉诉案件信息处
　　那曲市中级人民法院立案庭
　　陕西省
　　宝鸡市渭滨区人民法院立案庭
　　旬阳市人民法院诉讼服务中心
　　汉中市中级人民法院立案庭
　　柞水县人民法院立案庭
　　甘肃省
　　高级人民法院立案一庭
　　定西市中级人民法院信访督察室
　　景泰县人民法院立案庭
　　青海省
　　高级人民法院立案庭
　　宁夏回族自治区
　　银川市西夏区人民法院立案庭
　　新疆维吾尔自治区
　　乌鲁木齐市天山区人民法院立案庭（诉讼服务中心）
　　高级人民法院伊犁哈萨克自治州分院立案一庭
　　乌鲁木齐铁路运输法院立案庭（诉讼服务中心）
　　解放军
　　西宁军事法院第一审判庭
　　新疆生产建设兵团
　　伊宁垦区人民法院立案庭（诉讼服务中心）
　　附件2
人民法院立案信访诉服工作成绩突出个人名单
　　北京市
　　崔秀春　高级人民法院诉讼服务办公室主任
　　胡晶钰（女）朝阳区人民法院综合审判庭（未成年人案件审判庭）庭长
　　郝　蓬（女）海淀区人民法院立案庭（诉讼服务中心）副庭长
　　韩永飞　西城区人民法院立案庭（诉讼服务中心）副庭长
　　天津市
　　穆宝宁　高级人民法院立案一庭法官助理
　　武　伟　第三中级人民法院立案庭（诉讼服务中心）庭长
　　河北省
　　常　俭　高级人民法院司法警察总队一级调研员
　　***　石家庄市中级人民法院立案一庭庭长
　　薛　景（女）馆陶县人民法院立案庭庭长
　　张　雍　雄县人民法院立案庭庭长
　　山西省
　　赵俊峰　阳泉市中级人民法院立案二庭（信访处）副处长
　　李梅珍（女）运城市中级人民法院立案二庭庭长
　　刘姝娟（女）河曲县人民法院立案庭庭长
　　刘静波（女）汾阳市人民法院立案庭四级主任科员
　　李　慧（女）晋中市榆次区人民法院诉讼服务中心副主任
　　郭宝江　平顺县人民法院立案庭庭长
　　内蒙古自治区
　　陈　伟（女）呼伦贝尔市中级人民法院立案一庭庭长
　　孙　霞（女）赤峰市中级人民法院立案第二庭庭长
　　辽宁省
　　徐　淼（女）高级人民法院立案一庭法官助理
　　安　静（女）大连市中级人民法院立案一庭庭长
　　周莉莉（女）丹东市中级人民法院信访办公室二级主任科员
　　何　冰（女）锦州市古塔区人民法院立案庭（诉讼服务中心）审判员
　　吉林省
　　王东波　高级人民法院立案庭（诉讼服务中心）法官助理
　　高培彬　延边林区中级法院立案庭庭长
　　黑龙江省
　　仲　治（女）哈尔滨市中级人民法院立案一庭庭长
　　李洪磊　佳木斯市郊区人民法院立案庭副庭长
　　滕喜军　大庆市龙凤区人民法院立案庭（诉讼服务中心）审判员
　　刘忠臣　建三江人民法院立案庭庭长
　　上海市
　　李　珏（女）第二中级人民法院立案庭（诉讼服务中心、诉调对接中心、信访办公室）副庭长、信访办公室主任
　　史小峰　虹口区人民法院立案庭（诉讼服务中心、诉调对接中心）庭长
　　江苏省
　　周　超　高级人民法院立案庭法官助理
　　郑彦鹏　南京市中级人民法院立案庭副庭长
　　陆　杰　无锡市梁溪区人民法院立案庭负责人
　　俞爱宏　泰州市中级人民法院立案庭庭长
　　浙江省
　　袁玮玮（女）宁波市中级人民法院立案第二庭庭长
　　杨　辉　长兴县人民法院立案庭（诉讼服务中心）庭长
　　朱　辉　绍兴市上虞区人民法院立案庭（诉讼服务中心）副庭长
　　安徽省
　　董　雯（女，回族）蚌埠市淮上区人民法院立案庭（诉讼服务中心）庭长
　　汪家秀（女）霍邱县人民法院立案庭（诉讼服务中心）庭长
　　刘　慧（女）芜湖市鸠江区人民法院立案庭（诉讼服务中心）庭长
　　福建省
　　蔡向华　高级人民法院立案一庭庭长
　　连小彬　泉州市中级人民法院立案庭庭长
　　林如婷（女）霞浦县人民法院立案庭（诉讼服务中心）庭长
　　江西省
　　谢　芸　南昌市中级人民法院立案二庭庭长
　　黄　旻（女）赣州市赣县区人民法院立案庭庭长
　　山东省
　　李　斐（女）高级人民法院立案庭法官助理
　　张　玺（女）淄博市张店区人民法院诉讼服务中心副主任
　　宋汝庆　济宁市中级人民法院信访处处长
　　姜传华　泰安市中级人民法院立案第二庭副庭长
　　邢圣楠　威海市环翠区人民法院综合办公室副主任
　　陈清寒　临沭县人民法院立案庭庭长
　　河南省
　　任淑慧（女）高级人民法院立案庭法官助理
　　梅永强　高级人民法院信访局二级主任科员
　　王　蕾（女）郑州市二七区人民法院立案庭庭长
　　赵　萍（女，回族）许昌市中级人民法院立案二庭庭长
　　刘　烨（女）夏邑县人民法院立案庭（诉讼服务中心）庭长
　　李红霞（女）汝南县人民法院立案庭（诉讼服务中心）庭长
　　湖北省
　　杜坚松　荆州市中级人民法院立案二庭副庭长
　　陈　迪（女）鄂州市中级人民法院立案庭副庭长
　　丁学卫　麻城市人民法院立案庭庭长
　　王亚峰　潜江市人民法院立案庭庭长
　　湖南省
　　黄　勇　永州市中级人民法院立案信访局局长
　　王文莉　常德市中级人民法院立案庭副庭长
　　曹　娉（女）衡阳市石鼓区人民法院立案庭（诉讼服务中心）审判员
　　丁志国（女）洞口县人民法院立案庭（诉讼服务中心）庭长
　　广东省
　　林峥云（女）惠州市中级人民法院立案庭副庭长
　　梁素娟（女）开平市人民法院立案庭庭长
　　欧　明　吴川市人民法院立案庭（诉讼服务中心）审判员
　　欧丽群（女）河源市源城区人民法院立案庭（诉讼服务中心）庭长
　　广西壮族自治区
　　毛美美（女，壮族）梧州市中级人民法院诉讼服务中心主任
　　杨凤莲（女，壮族）崇左市中级人民法院立案庭副庭长、诉讼服务中心主任
　　苏　丹（女，苗族）融水苗族自治县人民法院立案庭（诉讼服务中心）庭长
　　李永慧（女，壮族）贺州市平桂区人民法院立案庭（诉讼服务中心）庭长
　　海南省
　　李　寒　高级人民法院立案审判庭法官助理
　　张　磊　文昌市人民法院立案庭庭长
　　重庆市
　　杨程程（女）万州区人民法院立案庭（诉讼服务中心）法官助理
　　吴继超　巴南区人民法院立案庭（诉讼服务中心）副庭长
　　四川省
　　罗佳琴（女）高级人民法院立案一庭法官助理
　　骆　锐（女）高级人民法院立案三庭法官助理
　　何　莹（女）筠连县人民法院诉讼服务中心主任
　　刘　勇　井研县人民法院法官助理
　　贵州省
　　吴宝林　高级人民法院立案庭副庭长
　　田　芳（女，土家族）铜仁市中级人民法院立案第一庭庭长
　　云南省
　　李　妍（女，彝族）高级人民法院立案庭审判员
　　张　迪（女）曲靖市中级人民法院立案庭法官助理
　　艾建生　大理市人民法院立案庭（诉讼服务中心）庭长
　　西藏自治区
　　索朗多吉（藏族）高级人民法院立案一庭法官助理
　　陕西省
　　段　杰　高级人民法院立案庭法官助理
　　张芷瑜（女）西安市雁塔区人民法院立案庭（诉讼服务中心）副庭长
　　杨　莹（女）延安市宝塔区人民法院立案庭（诉讼服务中心）庭长
　　甘肃省
　　吕晋阳（女）天水市中级人民法院立案庭副庭长
　　叶生龙　兰州新区人民法院立案庭（诉讼服务中心）副庭长
　　青海省
　　马　欣（回族）格尔木市人民法院立案庭副庭长
　　宁夏回族自治区
　　张　艳（女）高级人民法院立案庭四级调研员
　　新疆维吾尔自治区
　　郝　姗（女）高级人民法院立案庭副庭长
　　程彦榕　高级人民法院涉诉信访办公室副主任
　　玛依拉·买买提（女，维吾尔族）鄯善县人民法院立案庭（诉讼服务中心）书记员
　　阿尔冬（女，维吾尔族）莎车县人民法院立案庭庭长
　　解放军
　　颜旺中　解放军军事法院立案庭审判员
　　新疆生产建设兵团
　　林明强　兵团分院立案第一庭一级科员

        "
"最高人民检察院关于印发《人民检察院信访工作规定》的通知
（高检发办字〔2025〕56号）","

            
            最高人民检察院关于印发《人民检察院信访工作规定》的通知
（高检发办字〔2025〕56号）
各省、自治区、直辖市人民检察院，解放军军事检察院，新疆生产建设兵团人民检察院：
　　《人民检察院信访工作规定》已经2024年12月27日最高人民检察院第十四届检察委员会第四十三次会议通过，现印发你们，请认真贯彻执行。
最高人民检察院
2025年2月11日
　
人民检察院信访工作规定　第一章　总则　　　第一条　为了坚持和加强党对人民检察院信访工作的全面领导，做好人民检察院信访工作，根据《中华人民共和国刑事诉讼法》《中华人民共和国民事诉讼法》《中华人民共和国行政诉讼法》和《信访工作条例》等法律法规，结合检察工作实际，制定本规定。
　　第二条　人民检察院信访工作是人民检察院践行党的群众路线、坚持全过程人民民主的重要体现，是了解社情民意、履行法律监督职责的重要方式，是自觉接受群众监督、加强检察管理、改进检察工作的重要途径。
　　第三条　人民检察院信访工作坚持以习近平新时代中国特色社会主义思想为指导，贯彻落实习近平法治思想、习近平总书记关于加强和改进人民信访工作的重要思想，增强“四个意识”、坚定“四个自信”、做到“两个维护”，牢记为民解难、为党分忧的政治责任，坚持为大局服务、为人民司法、为法治担当，维护群众合法权益，化解信访突出问题，促进社会和谐稳定。
　　第四条　人民检察院信访工作应当遵循以下原则：
　　（一）坚持党的全面领导。坚定不移把党的领导贯彻到检察信访工作各方面和全过程，确保正确政治方向。
　　（二）坚持以人民为中心。密切联系群众，倾听群众心声，把为人民司法、让人民满意作为检察信访工作的出发点和落脚点。
　　（三）坚持落实信访工作责任。严格落实首办责任，及时将信访问题解决在首办环节。严格落实属地管理、分级负责，谁主管、谁负责。
　　（四）坚持依法解决问题。强化法律在维护群众权益、化解社会矛盾中的权威地位，引导群众依法表达诉求、依法维护权益。严格依法办案、公正司法，高质效办好每一个案件。
　　（五）坚持和发展新时代“枫桥经验”。做到预防在前、调解优先、运用法治、就地解决，努力把矛盾纠纷化解在基层、化解在萌芽状态。
　　第五条　人民检察院应当结合办案加强信访风险评估，及时对发现的矛盾风险有效处置，从源头上防范风险隐患。
　　第六条　人民检察院应当畅通信访渠道，认真处理信访事项，倾听人民群众建议、意见，接受人民群众监督，为人民群众服务。
　第二章　信访工作机制　　　第七条　人民检察院应当构建党组领导、信访工作部门联席会议统筹协调、负责控告申诉检察工作的部门牵头、相关部门各负其责、各方齐抓共管的信访工作格局。
　　第八条　人民检察院党组每年至少研究一次信访工作。
　　人民检察院建立信访工作部门联席会议制度，由分管控告申诉检察工作的副检察长担任召集人，负责信访工作的统筹协调、整体推进、督促落实，履行下列职责：
　　（一）研究分析检察机关信访形势，为党组决策提供参考；
　　（二）督促落实上级人民检察院和本院党组关于信访工作的决策部署；
　　（三）研究处理信访工作中遇到的重大问题；
　　（四）协调解决具有普遍性的重大信访问题和疑难复杂信访事项；
　　（五）领导组织信访工作责任制落实、督导等工作；
　　（六）本院党组交办的其他与信访工作有关的事项。
　　信访工作部门联席会议办公室设在负责控告申诉检察工作的部门，承担联席会议的日常工作，督促检查联席会议议定事项的落实。
　　第九条　人民检察院负责控告申诉检察工作的部门是开展信访工作的专门机构，履行下列职责：
　　（一）统一接收、登记信访事项；
　　（二）受理、移送、交办信访事项，并回复信访人；
　　（三）办理属于职责范围内的信访事项，答复信访人，进行释法说理与信访矛盾化解；
　　（四）协调、督促、检查重要信访事项的处理；
　　（五）在办理刑事申诉、国家刑事赔偿案件过程中，审查分析原案在检察办案环节存在的问题，可以向相关部门提出纠正意见或者改进工作的建议；
　　（六）梳理、筛选、甄别、移送、交办法律监督线索；
　　（七）综合反映信访信息，分析研判信访情况；编制信访情况年度报告，向本院党组和上一级人民检察院报告；
　　（八）承担本院信访工作部门联席会议和上级人民检察院交办的其他信访工作。
　　第十条　人民检察院相关部门应当按照分工做好信访工作，履行下列职责：
　　（一）办理属于职责范围内的信访事项，答复信访人，进行释法说理与信访矛盾化解；
　　（二）在对案件作出处理决定或者审查结论前，开展风险评估，将预防化解矛盾纠纷贯穿检察履职办案全过程；
　　（三）向负责控告申诉检察工作的部门反馈信访事项的处理结果和答复情况；
　　（四）分析本部门信访问题成因，针对性改进工作；
　　（五）承担本院信访工作部门联席会议交办的其他信访工作。
　　第十一条　人民检察院配备司法警察负责维护人民检察院信访接待场所秩序和安全，开展信访应急处置工作。
　　第十二条　人民检察院加强信访队伍建设，配备与形势任务相适应的信访工作力量，打造高素质专业化信访干部队伍。
　　人民检察院建立健全年轻干部和新录用干部到信访工作岗位锻炼制度，加强信访工作岗位与其他岗位的干部交流。根据工作需要，上级人民检察院可以定期选派检察业务骨干到下级人民检察院信访工作岗位挂职交流，也可以从下级人民检察院定期抽调检察业务骨干到上级人民检察院参加信访工作岗位锻炼。
　　人民检察院将信访工作纳入教育培训内容，加强对干部的教育培训。
　第三章　信访事项的管辖　　　第十三条　人民检察院依法管辖下列信访事项：
　　（一）不服人民检察院诉讼终结的刑事处理决定的申诉；
　　（二）不服人民法院已经发生法律效力的刑事判决、裁定的申诉；
　　（三）不服人民法院已经发生法律效力的民事判决、裁定、调解书，或者认为人民法院民事审判程序中审判人员存在违法行为，或者认为人民法院民事执行活动存在违法情形，向人民检察院申请监督的；
　　（四）不服人民法院已经发生法律效力的行政判决、裁定、调解书，或者认为人民法院行政审判程序中审判人员存在违法行为，或者认为人民法院行政案件执行活动存在违法情形，向人民检察院申请监督的；
　　（五）向人民检察院提出民事支持起诉申请的；
　　（六）向人民检察院提出国家赔偿申请、复议申请，或者赔偿金支付申请的；
　　（七）不服人民法院赔偿委员会作出的刑事赔偿决定或者民事、行政诉讼赔偿决定，或者不服人民法院已经发生法律效力的行政赔偿判决、裁定，向人民检察院申请监督的；
　　（八）认为公安机关应当立案而不立案，或者认为公安机关不应当立案而立案的控告、申诉；
　　（九）认为公安机关、人民检察院、人民法院及其工作人员阻碍其依法行使诉讼权利的申诉或者控告；
　　（十）认为指定居所监视居住决定存在违法情形，或者认为执行机关或者执行人员存在违法情形的控告或者举报；
　　（十一）对人民检察院及其工作人员办理案件中违法行为的申诉、控告；不服其他办案机关及其工作人员对刑事诉讼法第一百一十七条规定的行为作出的处理或者未在规定时间内作出答复，向人民检察院申诉的，或者对其他办案机关及其工作人员除刑事诉讼法第一百一十七条规定情形之外的违法行为的申诉或者控告；
　　（十二）属于人民检察院直接受理侦查案件、公益诉讼案件的控告、举报；
　　（十三）反映加强、改进检察工作和队伍建设的建议和意见；
　　（十四）其他信访事项。
　　负责控告申诉检察工作的部门应当及时依法受理并导入法律程序或者完成移送工作。
　　第十四条　人民检察院对属于本院管辖的信访事项应当依法受理。
　　必要时，上级人民检察院可以直接受理由下级人民检察院管辖的信访事项，也可以将本院管辖的信访事项交由下级人民检察院办理。
　　信访事项涉及两个以上人民检察院的，由相关人民检察院协商；协商不成的，由共同的上一级人民检察院指定管辖。
　第四章　信访事项的提出、回复和受理　　　第十五条　信访人可以采用信息网络、书信、电话、传真、走访等形式，向人民检察院提出控告、申诉、举报，或者建议、意见，人民检察院应当依法处理。
　　第十六条　人民检察院12309检察服务中心负责接待信访群众、接收和处理信访事项。
　　人民检察院应当向社会公布网络信访渠道、通信地址、电话、信访接待的时间和地点、查询信访事项处理进展以及结果的方式等相关事项，在12309检察服务中心或者网站公布与信访工作有关的法律、法规和信访事项的处理程序，以及其他为信访人提供便利的相关事项。
　　第十七条　人民检察院实行领导干部常态化接待群众来访和包案制度，检察长、副检察长应当定期接待群众来访、预约接访、带案下访，包案办理疑难、复杂和群众反映强烈的信访案件。省级以上人民检察院检察长、副检察长每年应当根据工作需要不定期安排接待来访群众。
　　第十八条　信访人一般应当采用书面形式提出信访事项，并载明其姓名（名称）、住址、联系方式和诉求、事实、理由。对采用口头形式提出的信访事项，人民检察院应当如实记录。法律、法规要求提供身份证明、相关法律文书及证据等材料的，依照有关规定执行。
　　信访人提出信访事项，应当客观真实，不得捏造、歪曲事实，不得诬告、陷害他人。
　　信访事项已经受理或者正在办理的，信访人在规定期限内向受理、办理人民检察院的上级人民检察院又提出同一信访事项的，上级人民检察院不予受理。
　　第十九条　信访人采用走访形式提出信访事项的，应当到有管辖权的人民检察院12309检察服务中心或者指定的接待场所提出。
　　多人采用走访形式提出共同的信访事项的，应当推选代表，代表人数不得超过5人。
　　人民检察院应当落实属地责任，认真接待处理群众来访，引导信访人就地反映问题，把问题解决在当地。
　　第二十条　人民检察院应当加强信访工作信息化、数字化、智能化建设，依法安全稳妥推进与党委政府信访部门、其他政法部门信访信息系统的互联互通、信息共享，加强信访信息数据的整合、管理和深度应用。
　　人民检察院负责控告申诉检察工作的部门应当及时将信访事项以及处理、回复等情况，全面、准确、规范录入信访信息系统。
　　第二十一条　人民检察院负责控告申诉检察工作的部门对接收的信访事项依法审查，分别作出以下处理：
　　（一）对属于本院管辖且符合受理条件的，应当按照职责分工移送本院相关部门办理或者直接办理，并告知信访人接收情况以及处理程序；材料不齐的，应当一次性列出需要补充的材料清单，告知信访人予以补充，待材料齐备后移送本院相关部门办理或者直接办理；
　　（二）对属于人民检察院管辖但不属于本院管辖的，应当告知信访人向有管辖权的人民检察院提出，已经接收的，应当移送有管辖权的人民检察院办理，并告知信访人移送去向；
　　（三）对不属于人民检察院管辖的，应当告知信访人向有权处理的机关、单位提出；
　　（四）对内容不清、诉求不明且无法回复或者移送的，作存查处理；
　　（五）对重要信访事项，应当提出意见报检察长决定。
　　第二十二条　人民检察院负责控告申诉检察工作的部门对接收的信访事项，能够当场回复的，应当当场回复；不能当场回复的，应当自收到信访事项之日起七个工作日以内回复。多人联名来信反映同一事项的，可以选择若干代表予以回复。回复信访人可以采用书面、电话、当面或者其他适当的方式。以电话、当面方式回复的内容应当录入信访信息系统。
　　人民检察院负责控告申诉检察工作的部门对信访人采用信息网络、书信、传真等书面形式提出信访事项，具有下列情形之一的，可以不予回复：
　　（一）信访人联系方式不详的；
　　（二）因同一事由重复信访且已经回复的，但提出新的事实、证据和理由的除外；
　　（三）内容违法的；
　　（四）其他不具备回复条件的。
　　第二十三条　人民检察院相关部门对负责控告申诉检察工作的部门移送的信访事项应当及时接收，并自收到之日起七个工作日以内告知信访人。法律、法规另有规定的，从其规定。
　　第二十四条　人民检察院应当建立重大信访事项处理和信息报告制度。重大、紧急信访事项和信访信息，应当及时报告检察长，并在职责范围内依法及时采取措施，防止不良影响的产生、扩大。对可能造成社会影响的，应当及时报告本级党委和上级人民检察院，通报相关主管部门和本级信访工作联席会议办公室。
　第五章　信访事项的办理和答复　　　第二十五条　人民检察院应当严格依照法律规定和程序办理信访事项。按照诉求合理的解决问题到位、诉求无理的思想教育到位、生活困难的帮扶救助到位、行为违法的依法处理的要求，依法及时就地解决群众合法合理诉求，维护正常信访秩序。
　　第二十六条　人民检察院办理信访事项，应当以事实为根据，以法律为准绳，严格依法、公平公正，加强释法说理和教育疏导，依法化解矛盾。
　　人民检察院办理信访事项的工作人员与信访事项或者信访人有直接利害关系，或者有其他依法应当回避的情形的，应当回避。
　　人民检察院办理信访事项的工作人员，应当严格遵守保密规定，不得将控告、举报材料以及有关情况透露或者转给被控告、被举报的人员。
　　第二十七条　人民检察院办理信访事项，应当认真审查信访诉求、事实和理由，必要时可以向其他组织和人员调查核实。
　　第二十八条　人民检察院办理信访事项，应当依法分别作出以下处理：
　　（一）对信访人提出的本规定第十三条第一项至第十二项信访事项，按照法律法规规定的程序办理或者处理；
　　（二）对信访人提出的本规定第十三条第十三项信访事项，由建议意见涉及职责的相关部门进行研究论证，对合理合法、具有现实可行性的，应当采纳；
　　（三）对信访人提出的本规定第十三条第十四项信访事项，由有权处理的部门按照相关法律规定办理。
　　第二十九条　人民检察院办理信访事项的部门一般应当自收到移送的信访事项之日起三个月以内办结，并向信访人答复办理结果。情况复杂的，经批准，可以延长办理期限，并告知信访人办理进展以及延长办理期限的理由。法律、法规另有规定的，从其规定。
　　人民检察院办理信访事项的相关部门应当在信访事项办结后五个工作日以内将办理结果以及答复情况反馈负责控告申诉检察工作的部门。
　　第三十条　人民检察院向信访人答复办理结果或者办理进展情况，可以采用书面、电话、当面或者其他适当的方式。以电话、当面方式答复的内容应当录入检察业务应用系统。对依据法律、法规规定的程序办结的案件，应当制作相关法律文书送达信访人。必要时可以进行公开答复。
　　第三十一条　人民检察院办理信访事项的部门在办理信访事项过程中或者办结后，应当针对信访人的诉求和理由，从事实认定、证据采信、法律适用等方面进行释法说理。
　　人民检察院办理信访事项的相关部门在办理信访事项过程中或者办结后，信访人要求当面释法说理的，负责控告申诉检察工作的部门应当通知相关部门，相关部门应当及时进行释法说理，负责控告申诉检察工作的部门予以协助。
　　第三十二条　人民检察院办理信访事项，对当事人有和解意愿的，可以引导当事人自行和解。
　　第三十三条　人民检察院办理信访事项，可以依据有关规定举行听证。根据信访人和信访事项具体情况，可以举行简易听证、上门听证。
　　第三十四条　人民检察院建立健全司法救助与社会救助衔接机制，在办理信访事项中，对符合国家司法救助条件的，按照规定给予司法救助；不符合国家司法救助条件或者实施国家司法救助后仍然面临生活困难，符合社会救助条件的，积极协调相关部门依法予以社会救助。
　　第三十五条　人民检察院应当坚持矛盾纠纷多元预防调处化解，拓宽社会力量参与信访工作的渠道，会同有关方面综合运用法律、政策、经济、行政等手段和教育、协商、疏导等办法，多措并举化解矛盾纠纷。
　　第三十六条　上级人民检察院对属于下级人民检察院管辖的信访事项，可以由负责控告申诉检察工作的部门向下级人民检察院交办。
　　下级人民检察院对于上级人民检察院交办的信访事项，一般应当自收到交办文书之日起三个月以内办结，并向上级人民检察院报送办理情况的报告。情况复杂，确需延长办理期限的，应当报检察长批准，延长期限一般不得超过三个月。延长办理期限的，应当向上级人民检察院书面报告办理进展，并说明理由。
　　上级人民检察院交办的信访事项的回复、答复工作，由承办的人民检察院参照本规定第二十三条和第二十九条第二款相关规定办理。属于导入法律程序办理的信访事项，承办的人民检察院的办理情况报告需经交办的人民检察院审查同意后，参照本规定第三十条相关规定进行答复。
　　人民检察院负责控告申诉检察工作的部门统一管理上级人民检察院交办的信访事项。上级人民检察院负责控告申诉检察工作的部门对于交办的信访事项，应当定期进行催办、督办。
　　第三十七条　对信访事项已经依据法律规定作出生效处理决定或者审查结论，且法律规定的权利救济程序已经穷尽，信访人就同一信访事项继续控告申诉的，人民检察院可以依法作出终结决定。
　第六章　信访秩序维护和监督追责　　　第三十八条　信访人在信访过程中应当遵守法律、法规，不得损害国家、社会、集体的利益和其他公民的合法权利，自觉维护社会公共秩序和信访秩序，不得有下列行为：
　　（一）在人民检察院办公场所周围、公共场所非法聚集，围堵、冲击人民检察院，拦截公务车辆，或者堵塞、阻断交通；
　　（二）携带危险物品、管制器具；
　　（三）侮辱、殴打、威胁人民检察院工作人员，非法限制他人人身自由，或者毁坏财物；
　　（四）在信访接待场所滞留、滋事，或者将生活不能自理的人弃留在信访接待场所；
　　（五）煽动、串联、胁迫、以财物诱使、幕后操纵他人信访，或者以信访为名借机敛财；
　　（六）其他扰乱公共秩序、妨害国家和公共安全的行为。
　　第三十九条　信访人违反本规定第十九条、第三十八条规定的，人民检察院工作人员应当对其进行劝阻、批评或者教育。情况紧急的，人民检察院司法警察应当及时采取制止、控制、强行带离现场等处置措施，必要时，及时移送公安机关依法处理。
　　信访人捏造歪曲事实、诬告陷害他人，构成违反治安管理行为的，依法移送公安机关给予治安管理处罚；构成犯罪的，依法追究刑事责任。
　　第四十条　人民检察院信访工作部门联席会议应当对开展信访工作、落实信访工作责任的情况组织专项督查，对发现的重要问题向本院党组报告，并向相关部门反馈。
　　第四十一条　检察人员不履行或者不正确履行职责，存在下列情形，导致信访事项发生，并造成不良影响或者严重后果的，应当依据司法责任制相关规定和有关纪律法律规定，追究相关人员责任：
　　（一）风险评估责任不落实，预防化解矛盾纠纷不到位，发生重大风险隐患；
　　（二）超越或者滥用职权，应当作为而不作为，适用法律、法规错误或者违反法定程序，侵害公民、法人或者其他组织合法权益；
　　（三）其他不履行或者不正确履行职责的情形导致信访事项发生，造成严重后果。
　　第四十二条　在信访工作中具有下列情形之一的，责令改正；拒不改正或者造成严重后果的，依据司法责任制相关规定和有关纪律法律规定，追究相关人员责任：
　　（一）应当受理信访事项而不予受理；
　　（二）推诿、敷衍、拖延信访事项办理，未在规定期限内办结或者回复、答复信访人；
　　（三）对事实清楚，符合法律、法规规定的信访请求未予支持；
　　（四）对待信访人态度恶劣、作风粗暴；
　　（五）在处理信访事项过程中吃拿卡要、谋取私利；
　　（六）对规模性集体访、个人极端行为、负面舆情等处置不力；
　　（七）对可能造成社会影响的重大、紧急信访事项和信访信息隐瞒、谎报、缓报，或者未依法及时采取必要措施；
　　（八）将信访人的控告、举报材料或者有关情况透露、转给被控告、被举报的人员；
　　（九）其他违反信访工作纪律的情形。
　第七章　附则　　　第四十三条　本规定由最高人民检察院负责解释。
　　第四十四条　本规定自印发之日起施行。《人民检察院信访工作规定》（高检发控字〔2007〕1号）、《最高人民检察院关于进一步加强新形势下涉法涉诉信访工作的意见》（高检发办字〔2014〕10号）、《人民检察院受理控告申诉依法导入法律程序实施办法》（高检发办字〔2014〕78号）、《人民检察院办理群众来信工作规定》（高检发办字〔2019〕107号）同时废止。最高人民检察院此前制定的有关规定与本规定不一致的，适用本规定。


        "
"最高人民法院发布第二批涉执信访实质性化解典型案例
（2021年12月21日）","最高人民法院发布第二批涉执信访实质性化解典型案例
（2021年12月21日）



第二批涉执信访实质性化解典型案例目录

　　案例1：北京市第三中级人民法院关于法拍房买受人韦某申请强制腾退信访案
　　案例2：江苏省苏州市吴中区人民法院关于刘某某等申请强制执行交通事故赔偿款信访案
　　案例3：江苏省灌南县人民法院关于灌南县某房地产公司系列信访案
　　案例4：浙江省遂昌县人民法院关于王某某申请个人债务重整信访案
　　案例5：安徽省定远县人民法院关于汪某申请强制执行民间借贷信访案
　　案例6：内蒙古自治区鄂托克旗人民法院关于焦某申请执行机动车交通事故赔偿款信访案
　　案例7：福建省厦门市中级人民法院关于王某申请强制执行借款信访案
　　案例8：广东省中山市第一人民法院关于善意解封助推涉众欠薪案件执结案
　　案例9：广西壮族自治区柳州市中级人民法院关于某农信社申请强制执行抵押土地信访案
　　案例10：贵州省黎平县人民法院关于阳某、韦某璋申请强制执行投资款及资金信访案

【北京市第三中级人民法院】


　　案例1

法拍房买受人韦某申请强制腾退信访案


　　——法拍房成交后出现承租人异议，买受人信访要求法院强制腾退，北京市第三中级人民法院在保证程序正义基础上，引入心理疏导等多手段联动机制，促使法拍房实际占用人主动腾退。
　　【基本案情】张某与李某、庞某仲裁执行案，2020年12月，案涉不动产经拍卖成交。此后，被执行人亲属李某1与法院联系，称其之前出过买房款，故对该房产享有使用权，法院不能要求其腾退，态度强硬。而后，同系被执行人亲属的张某1、李某2向法院申请执行异议，主张其是案涉房产承租人。异议审查期间，北京市第三中级人民法院中止对案涉不动产的强制腾退工作。异议被裁定驳回后，当事人又向北京市高级人民法院复议。复议案件审查期间，买受人韦某信访称其认为本案存在消极执行问题，要求法院考虑其实际困难，尽快腾房。法院考虑到买受人孕晚期的特殊身体、心理状况，与其多次进行恳切沟通，充分释明本案因程序原因暂时中止执行的客观情况，晓之以理，动之以情，对其进行情绪疏导和宽慰，尽可能减少对其身体的不利影响。2021年8月30日，北京市高级人民法院裁定驳回张某1、李某2的复议请求。租赁权阻碍消失后，北京市第三中级人民法院多措并举，力求以最短时间、最小伤害、最好效果完成案涉房产的腾退工作。经调查，案涉房产的实际占用人为被执行人的父母，两位老人年龄较大，且被执行人父亲患有癌症，强制腾退风险较高。同时，李某1在与法院沟通过程中多次表示，如果强制腾退，其也不会善罢甘休。为妥善解决纠纷，保障各方人身财产安全，法院有针对性地作出尽可能以劝说主动腾退为主、强制腾退为辅的基本工作方案。一方面，法官多次前往案涉不动产所在地并与实际占用人及被执行人沟通，晓以利害，分析主动腾退的好处及强制腾退的风险。另一方面，立即启动强制腾退准备工作，充分考虑强制腾退可能出现的意外情况，制定包含腾退后安置场所、物品运输、警力、医疗、消防、罚款、拘留等强制腾退预案，张贴强制腾退公告，以强制腾退的威慑力为辅助手段。同时，北京市第三中级人民法院与申请执行人积极沟通，申请执行人对实际占用人及被执行人的实际情况表示理解与同情，主动减免一部分被执行人所欠债务，促使实际占用人主动腾退。经过多方沟通协调，实际占用人愿意主动配合腾退，北京市第三中级人民法院于2021年10月将案涉不动产交付至买受人手中，实质化解信访。
　　【典型意义】本案是人民法院注重心理疏导、沟通化解矛盾，多措并举以主动腾退代替强制腾退，实现法拍房顺利交付，有效化解信访矛盾的典型案例。法拍房的腾退交付工作是涉执行信访的突出矛盾之一，不动产拍卖成交后出现以承租为由的异议已成为阻碍法拍房交付的常见因素。本案中，北京市第三中级人民法院在保障程序正义的前提下，全面把握腾退工作所涉各方的核心诉求，制定有针对性的腾退方案，采取张弛有度的执行行为，同时将心理疏导机制引入信访化解，体现了人民法院切实解决人民群众诉求的信心和决心，实现了社会效果与法律效果的统一。

【江苏省苏州市吴中区人民法院】


　　案例2

刘某某等申请强制执行交通事故赔偿款信访案


　　——特大交通事故致五死二伤，被执行人因交通肇事被判刑，无力支付巨额赔偿，导致多个家庭陷入困境，死者家庭多人多次信访。江苏三级法院运用联动救助机制，成功化解信访积案。
　　【基本案情】刘某某等人与李某、董某某、临沭市某运输公司机动车交通事故责任纠纷案，江苏省苏州市吴中区人民法院作出多份民事判决，判令李某、董某某向该起交通事故中5名死者的近亲属赔偿358万余元，不足部分由临沭市某运输公司赔偿。判决生效后，上述各案5名死者的近亲属于2013年数次向江苏省苏州市吴中区人民法院申请强制执行。执行中，三被执行人均无财产可供执行，董某某因交通肇事罪被判处有期徒刑6年，江苏省苏州市吴中区人民法院经多次执行仍无法有效执结，因被执行人户籍所在地为山东省临沭县，该院于2013年3月委托山东省临沭县人民法院执行，亦未能有效执结。本次事故造成多个申请执行人家庭因此陷入困境，并引发多人多次重复信访。
　　2018年10月，江苏省高级人民法院协同执行法院多次赴山东临沭、江苏赣榆执行，均未能查找到被执行人可供执行的财产。2019年10月，江苏省苏州市吴中区人民法院立案恢复执行，经多次查询仍未能查到被执行人财产情况，再次前往山东临沭、江苏赣榆执行亦未果。上述案件穷尽执行措施后仍执行不能，未执行到位金额总计358万余元。
　　上述案件中的申请执行人有多名老人和未成年人，无生活来源，基本生活难以维系。江苏省苏州市吴中区人民法院在收到当事人提交的司法救助申请后，分别于2014年2月、2015年3月、2017年2月、2019年2月、2020年1月，分期向5个死者家庭发放执行救助款共计30万元，但因司法救助金额有限，案件始终无法执行到位，多个家庭仍无法摆脱困难并多次赴省信访。为此，江苏省高级人民法院决定启动三级法院联动救助机制，并向江苏省委政法委汇报，江苏省、市、区三级党委政法委、法院迅速召开刘某某系列案件信访化解专题会议，经研究会商，5个死者家庭因交通事故损失特别重大，生活特别困难，合法权益始终未得到有效维护，为维持其家庭正常生活，妥善平息社会矛盾，按照司法救助规定，应给予刘某某等人最大限度的司法救助，由三级党委政法委、法院进行联合救助，确定联合救助金额150万元。同时，经向刘某某等人进行释法明理，5个死者家庭均承诺息诉罢访。2021年，该案通过司法救助方式成功化解，江苏省苏州市吴中区人民法院将到位的救助资金分批向各死者家庭予以发放，2021年9月，该院执行局局领导对获得救助的家庭进行回访，当事人均对人民法院通过联合救助方式解决纠纷表示感谢。
　　【典型意义】本案是省、市、区三级法院紧紧依靠各级党委政府支持，运用联合救助方式妥善化解信访积案的典型案例。本案所涉交通事故造成5人死亡的严重后果，被执行人无力履行，申请执行人多个家庭生活陷入极度困难，并为此多人多次信访。江苏三级法院及时运用国家司法救助制度，畅通上下级法院执行联动救助渠道，积极协调争取更多的司法救助资金，提升司法救助额度，缓解基层法院资金不足难题，使因案致贫的多个家庭走出困境，以实际行动解决人民群众急难愁盼问题，最大限度化解信访矛盾，保障社会和谐稳定，体现了司法救助扶危济困的价值追求。

【江苏省灌南县人民法院】


　　案例3

灌南县某房地产公司系列信访案


　　——房地产开发商资金断裂，大量预售商品房无法完成交付，买受人集体上访。江苏省灌南县人民法院创新“附条件托管”制度促化解。
　　【基本案情】江苏省灌南县人民法院自2016年起，立案受理原告李某等人分别起诉被告灌南县某房地产公司商品房销售合同纠纷、建设工程施工合同纠纷、金融借款合同纠纷共31件案件，案涉金额达6000多万元，其中金额最大的为原告连云港某建设公司诉被告灌南县某房地产公司建设工程施工合同纠纷一案。
　　2016年1月，被告灌南县某房地产公司将自己开发的总面积约为46700平方米的商业用房和面积约为2600平方米的地下人防工程承包给原告连云港某建设公司施工建设，工程总价为6700万元。合同签订后，连云港某建设公司按约进行施工，施工过程中，灌南县某房地产公司一直变更相关要求，双方于同年11月20日签订了建设工程施工补充协议，建筑总面积变更为5万平方米，总价款变更为8500万元，工程付款方式变更为20#、21#楼达到二层时，灌南县某房地产公司付款2000万元，建设到五层时，付至3000万元，建至九层时付至4000万元，20#、21#楼竣工验收时付至总造价的97%。在连云港某建设公司已建超过9层时，灌南县某房地产公司未能按约定的进度支付工程款。连云港某建设公司于2017年1月13日起诉，要求灌南县某房地产公司暂支付原告工程款4000万元。案件审理过程中，经江苏省灌南县人民法院主持调解，双方当事人自愿达成如下协议：被告灌南县某房地产公司于2017年1月20日前支付原告连云港某建设公司工程款4000万元。另外，原告连云港某建设公司通过江苏省灌南县人民法院（2016）苏0724财保141号民事裁定保全被告灌南县某房地产公司所有的龙都花园三期的相关房产，享有了对其优先受偿的权利。
　　被告灌南县某房地产公司除无法支付连云港某建设公司工程款、无法偿还对其他债权人的融资款外，因资金断裂，其房地产开发项目不得不停工，大量已经预售的商品房无法完成交付，但这部分商品房买受人并未通过民事诉讼方式维护自身合法权益，而是采取至灌南县人民政府集体上访的方式，试图挽回自身的损失，更有商品房买受人至北京找中央机关上访。
　　灌南县某房地产系列民事案件判决先后生效，因该公司未主动履行法律文书确定的义务，申请执行人先后向江苏省灌南县人民法院申请执行，其中最大的债权人连云港某建设公司最先于2017年1月22日向江苏省灌南县人民法院申请执行。立案执行后，执行法院向被执行人送达执行通知书、报告财产令等执行文书，执行指挥中心发起网络查控，实施团队对被执行人进行传统查控。2017年2月5日，执行法官对被执行人灌南县某房地产公司开发的建设工程进行了现场勘察，了解开发楼盘的完成情况并向部分商品房买受人调查商品房交付情况。2017年6月6日，执行法官接待了部分案涉信访群众，了解到案涉三期建设工程尚未完工，已预售的房产因水电等附属工程不完善而无法进行交付且无法办理产权变更登记手续，致信访群发。2017年9月27日，向供水、供电、人防、税务、住建等多部门了解被执行人欠费情况。2018年初，召开债权人会议，通报本案情况。2018年4月27日，召开首次被执行人、债权人代表、信访群众代表会议，充分进行沟通协调，但因各方之间矛盾较大，未就案涉财产处置方案达成一致意见。执行法院综合各方因素，认为案涉三期工程暂不宜处置。2019年，执行法院又多次组织召开各方代表会议，仍未能达成一致意见。故执行法院依法对灌南县某房地产公司所有的剩余未开发的土地使用权进行了询价，2020年9月22日，询价结果为：灌南县某房地产公司所有的土地使用权总价为5620500元，钢筋混凝土预应力桩基础总价为1341000元。无论是执行法院预判之被执行人资产价值还是实际询价结果，被执行人所有可处置资产根本不足以偿付向江苏省灌南县人民法院申请执行的申请人的债权，遑论尚未导入司法程序的大量信访房屋买受人之权益保护。并且，如果将该地块拍卖，所有权人变更后，因行政法规定楼间距等问题，新所有权人使用该地块建设建筑物数量将少于原可以建设数量，且原先已经快要施工完成的工程项目也会因为再没有资金注入而彻底变成“烂尾楼”，债权人实现利益与债务人付出的代价不符合比例原则。
　　执行法院积极争取党委政府的支持，积极与申请执行人、被执行人沟通，2020年，多次召开多方主体参加的联席会议，探索创新和解模式，最终达成采用申请执行人托管被执行人可处置资产以及债务的方式，兼顾各方当事人的利益诉求的方案。2020年12月17日，被执行人灌南县某房地产公司与连云港某建设公司、孟某元（申请执行灌南县某房地产公司的第二大申请执行人）达成和解托管协议。和解托管协议约定，灌南县某房地产公司将前期的扫尾工作及22#、23#、24#共三幢楼的开发事宜以及建筑安装、房屋销售及整体小区的收盘全部委托给债权人连云港某建设公司、孟某元经营管理，涉及土地使用权后期开发的房产中，以2020年11月19日执行法院确定的土地评估价作为其抵偿债权人债务的资产，灌南县某房地产公司对该土地上新建楼盘不享有任何财产权益，不参与新建房产销售利润分配，申请执行人连云港某建设公司、孟某元与被执行人灌南县某房地产公司债权债务关系消灭，且二申请执行人承受灌南县某房地产公司欠政府债务1100万元，员工工资235万元，经执行法院判决和调解生效的债务450万元。和解托管协议已在履行过程中，案涉土地上工程项目已经施工建设，上访群众也已经息访。
　　2021年，执行法院对案涉三期工程施工情况、相关债权的履行情况、完工商品房交付等情况进行了跟进回访，目前和解托管协议履行良好。
　　【典型意义】在灌南县某房地产公司附条件托管系列案件执行过程中，江苏省灌南县人民法院充分发挥政府有关部门的协调、组织作用，与申请执行人、被执行人保持良性沟通，克服诸多执行难点，有效衔接司法审判权与行政审批权，创新运用附条件托管被执行人债权债务的模式，善意文明执行，最大限度实现胜诉当事人的合法权益，充分发挥了执行职能作用，有效推动了法治化营商环境建设，对于推进国家治理体系和治理能力现代化、推进社会诚信体系建设起到了积极作用。

【浙江省遂昌县人民法院】


　　案例4

王某某申请个人债务重整信访案


　　——被执行人王某某身负巨额债务长达20余年，浙江省遂昌县人民法院积极引入个人债务重整制度，成功化解王某某系列债务纠纷。
　　【基本案情】2014年12月24日，浙江省遂昌县人民法院立案执行申请执行人叶某某和被执行人王某某民间借贷一案，执行标的额190000元。执行过程中，该院通过“点对点”财产查询、线下调查等方式，均未发现被执行人王某某有可供执行的财产。2015年6月9日，该院将王某某纳入失信被执行人名单，并对该案予以程序终结。此后，该院又陆续立案执行王某某为被执行人的案件10件，累计执行标的额达260余万元，均以程序终结结案。
　　浙江省遂昌县人民法院在王某某系列案件执行过程中发现，王某某早年因做工程失败而背负300余万元巨额债务，拖欠至今已长达20余年。由于债务多、金额大，尤其是逾期利息逐年增加，加之自2002年起王某某母亲生病瘫痪在床需人照顾，长期以来王某某一边照顾母亲，一边靠打零工维持基本生活，根本无力清偿巨额债务，也没有偿还债务的想法。每当债权人上门讨债时，他就四处逃避，因此多次遭到债权人的威胁甚至殴打。有的申请执行人因未能执行到款项，就迁怒于法院，认为法院执行不力，到处向有关部门信访。
　　2020年下半年，浙江省遂昌县人民法院被浙江省高级人民法院确定为全省个人债务集中清理试点法院，探索开展个人债务集中清理工作。2021年4月，因王某某父亲（已故）的房产被征迁，王某某继承了237万元拆迁款。2021年4月21日，王某某在得知浙江省遂昌县人民法院正在试行通过个人债务重整一揽子解决债务的做法后，为了彻底解决自己长达20多年的债务问题，不再过四处躲债、担惊受怕的日子，便主动向该院提交了个人债务重整申请书。
　　申请个人债务重整期间，除已进入执行程序的11件案件外，王某某还主动申报了未进入司法程序的32笔债务，这些债务大部分已过诉讼时效。重整过程中，浙江省遂昌县人民法院审查确认王某某对外欠债355万余元，可分配款项为237万元，由于债权人之一的遂昌县某商业银行以内部规定不允许为由不愿作出让步，导致重整陷入僵局。为妥善化解矛盾，该院多次与遂昌县某商业银行等债权人进行沟通协调，最终促使遂昌县某商业银行修改内部规定，并组织各方债权人就债权受偿比例达成一致。成功达成协议后，遂昌县某商业银行表示该行将以此案为一个起点，依托浙江省遂昌县人民法院个人债务重整制度对其个人不良贷款处置机制进行全面改革，力争在最大程度实现其自身不良贷款回收的同时，帮助更多债务人摆脱债务危机过上正常生活，实现整体共赢。
　　2021年6月21日，各方债权人正式达成按一定比例受偿的重整方案。2021年6月24日，浙江省遂昌县人民法院将全部执行款项汇至各债权人银行账户。2021年6月25日，该院作出终结申请人王某某的个人债务重整程序的裁定，对王某某为被执行人的11件案件全部以执行完毕方式结案，并解除对王某某的所有强制执行措施。至此，长达20余年的王某某系列债务案得以圆满化解。
　　【典型意义】2019年2月27日，最高人民法院在《关于深化人民法院司法体制综合配套改革的意见》中首次提出研究推动建立个人破产制度。本案系浙江省遂昌县人民法院积极引入个人债务重整制度成功化解信访矛盾纠纷的典型案例。浙江是民营经济大省、改革开放先行省份，浙江法院在个人破产领域实践先行，自2018年起开展试点探索个人债务集中清理工作。2020年12月2日，在全面总结试点经验的基础上，浙江省高级人民法院出台《浙江法院个人债务集中清理（类个人破产）工作指引（试行）》，将“有履行能力而拒不履行生效法律文书确定义务”的债务人与“诚实而不幸”的债务人予以区分，对前者采取强制执行措施，对后者可以通过个人债务集中清理进行集中执行，让债务人从债务的“锁链”中解脱出来。个人债务集中清理工作实现了个人破产制度与强制执行制度的充分衔接，具有债务人“破产保护”、债权人公平清偿、教育和风险警示等作用，有利于促进市场经济健全运行和完善社会主义市场经济法律体系。本案中，浙江省遂昌县人民法院为畅通执行不能案件依法退出路径，积极开展具有个人破产制度性质的“个人债务重整”工作，为后续个人破产制度立法提供了重要的实践素材和浙江样本。

【安徽省定远县人民法院】


　　案例5

汪某申请强制执行民间借贷信访案


　　——针对被执行人无财产可供执行，申请执行人债权无法执行到位，导致系列执行案件同时陷入僵局情况，安徽省定远县人民法院联合该县工业园区管委会，向该县县委、县政府作专题汇报，争取支持，由该县县委、县政府协调县城投公司收购上述“僵尸企业”资产，系列案件最终得以顺利执结。
　　【基本案情】汪某与汪某某民间借贷纠纷一案，安徽省定远县人民法院作出民事调解书，确认汪某某向汪某分期支付借款76万元。调解书生效后，汪某某未履行还款义务，汪某申请法院强制执行。执行中，安徽省定远县人民法院查明汪某某作为被执行人无财产可供执行，但作为另案申请执行人，却有较多未执行到位的债权案件在法院执行。经梳理，汪某某申请执行郭某某一案标的额较大，而郭某某作为申请执行人申请执行某化工公司一案，该化工公司在定远县工业园区有厂房及相关设备尚未处理。另查明，上述化工公司因不符合国家相关环保政策已关停多年，其厂房和设备经法院拍卖无人购买而流拍，几起案件执行均陷入僵局，汪某也因案件无法执行到位多次信访。
　　经多番走访调查，安徽省定远县人民法院得知当地县政府为清理“僵尸企业”出台了“腾笼换鸟”相关政策，有意征收位于县工业园区内的上述化工公司土地。为破解执行难题，安徽省定远县人民法院积极与该县工业园区管委会联系，联合向县委、县政府作系列执行案件化解专题汇报。县委、县政府召开协调会，协调同意由县城投公司按变卖价收购上述化工公司资产，收购程序结束后，县城投公司如约将收购款汇入法院执行款账户。2021年5月，上述系列案件得以顺利执结。
　　【典型意义】本案是安徽省定远县人民法院紧紧依靠当地党委政府，实施府院联动成功化解涉执信访的典型案例。如何化解“僵尸企业”带来的系列案件是当前人民法院面临的一项难题，自安徽省加入“长三角一体化”后，定远县县委、县政府加大招商引资力度，引进不少外地企业进驻县工业园区，工业园区土地供应紧张，这为处理“僵尸企业”提供了良好契机。安徽省定远县人民法院抓住机遇，多方协调，与县工业园区管委会联合行动，向县委、县政府作专题汇报，寻求帮助，顺利解决困扰多年的涉执信访矛盾，也成功盘活闲置国有资产。

【内蒙古自治区鄂托克旗人民法院】


　　案例6

焦某申请执行机动车交通事故赔偿款信访案


　　——被执行人企业为了规避执行，雇佣老弱村民为法定代表人，鄂托克旗人民法院向辖区工商行政管理局发出司法建议，要求予以整顿，促使案件顺利执结。
　　【基本案情】焦某与党某、党某海、沧州某运输队（个人独资企业）机动车交通事故责任纠纷案，2013年1月18日，鄂托克旗人民法院作出民事判决，判令党某海支付焦某581464.95元赔偿款，党某、沧州某运输队与党某海承担连带赔偿责任。判决生效后，党某海、党某、沧州某运输队未履行判决义务。2014年7月15日，焦某申请法院强制执行。执行过程中发现，被执行人党某因本案事故在监狱服刑，被执行人党某海下落不明，被执行人沧州某运输队注册时的住所地与实际经营地址不符，无法查找到公司及负责人，且没有可供执行的财产，本案于2015年1月5日终本结案。
　　2017年5月15日，鄂托克旗人民法院得到线索，当时的肇事车辆（已报废）还扣押在高速公路管理局，随即对本案恢复执行，并通过评估、拍卖、变卖程序对该车辆进行处置，但均流拍，申请执行人焦某也不同意前来法院接收车辆以物抵债。本次交通事故中，申请执行人焦某也造成他人伤亡，需要赔付，另案申请执行焦某的两件执行案件也均未履行完毕，焦某怕亲自过来法院处理案件将被法院采取强制执行措施，且另案两个申请执行人也不同意以物抵债上述肇事车辆。2018年4月25日，法院依法向三被执行人发出限制高消费令，并将其纳入失信被执行人名单。2018年12月12日，执行干警前往被执行人户籍地调查发现，被执行人党某海已去世，且无可供执行的财产，因此陷入困局，于2018年12月29日再次以终本方式结案。
　　2020年6月20日，申请执行人焦某向鄂托克旗人民法院提交书面申请，要求追加被执行人沧州某运输队的原投资人周某峰及现投资人周某胜为本案被执行人。2020年8月6日，鄂托克旗人民法院裁定追加周某峰及周某胜为本案被执行人，承担被执行人沧州某运输队应承担的义务，但因未查到其名下有可供执行的财产，故再次终本。
　　2020年11月23日，申请执行人焦某持追加被执行人裁定书再次申请恢复执行。鄂托克旗人民法院依法向被执行人送达了执行通知书、报告财产令等法律文书，且及时通过网络查控手段对被执行人财产线索进行查询，但仍未查到可供执行的财产。
　　申请执行人焦某在2021年第一批政法队伍教育整顿开展后，向督导组反映此案未能执行到位。收到信访案件转办后，鄂托克旗人民法院党组高度重视，指派分管执行工作的院领导带头执行，经现场深入调查发现，此前被追加的被执行人系受被执行人沧州某运输队雇佣担任法定代表人，为当地村民，而非实际投资人和经营人。因此，鄂托克旗人民法院于2021年5月1日向被执行人沧州某运输队辖区工商行政管理局发出司法建议，要求对该运输队变更住所地未备案及法定代表人不符合法律规定的情况及时予以整顿。该运输队主动承认错误，于2021年5月12日汇入本案“一案一账户”案款583966.31元，本案顺利执行完毕，且以焦某为被执行人的其他两件关联案件均顺利执结，申请执行人也都得到了赔偿款。
　　【典型意义】本案从执行不能到执行完毕历时七年，但最终得以圆满解决，是法院及时调整工作思路，积极采取多方联动，综合运用各项措施，不断加大执行力度的集中体现。既有利维护了当事人的合法权益，也避免了产生新的信访案件，对维护群众利益和地区和谐稳定具有积极意义。

【福建省厦门市中级人民法院】


　　案例7

王某申请强制执行借款信访案


　　——以履行债务的主要责任人为切入点，化解矛盾纠纷。
　　【基本案情】2008年，福建省厦门市中级人民法院受理王某诉某公司民间借贷纠纷一案，并依王某的申请，足额保全冻结某公司银行账户1667万元。该案经一审、二审，均判决驳回王某的全部诉讼请求。福建省厦门市中级人民法院遂解除了保全冻结。王某申请再审，最高人民法院经提审后判决支持了王某的诉讼请求。王某据此于2016年5月申请强制执行。但此时，某公司账户中已无分文，名下位于江西省九江市的房产亦转移登记至原法定代表人林某的女儿名下。历经8年取得的胜诉判决却无法兑现，王某情绪激动，多方反映对解除保全的不满。福建省厦门市中级人民法院多次向王某释明，并引导其就某公司转移财产的行为另行提起撤销权之诉。撤销权诉讼历经江西省九江市中级人民法院、江西省高级人民法院一审、二审并进入执行程序。2019年6月，撤销权判决履行完毕，某购物中心负一楼停车位的备案登记恢复至被执行人某公司名下。
　　在变更备案登记过程中，福建省厦门市中级人民法院为尽早实现申请执行人王某的合法权益，于2019年3月、4月两次先行发函江西省九江市房地产管理部门，征询拍卖车位的相关事宜。2019年7月，江西省九江市房地产管理部门函复福建省厦门市中级人民法院，某购物中心负一层因规划未计容，不能办理车位不动产转移登记手续。为此，福建省厦门市中级人民法院派员与江西省九江市房地产管理部门进一步协商车位拍卖问题，但未果。福建省厦门市中级人民法院立即改变执行方案，提取承租人的租金334000元。因执行到位的租金与执行标的额相距甚远，而执行标的因无法办理产权证，价值大打折扣，执行陷入僵局。王某遂不断上访、信访，言辞激烈。
　　福建省厦门市中级人民法院数次研讨案情，制定了以影响债务履行的主要责任人（原法定代表人）林某为切入点的执行方案。一是启动对车位的处置程序，张贴腾房公告，向被执行人施加压力；二是对林某采取了限制消费、限制出境等措施，迫使其走到了面对问题的第一线；三是组织执行和解，以期最大化实现申请执行人合法权益。历经数月的背靠背和解，福建省厦门市中级人民法院把限购政策、税收承担、房产交付、权属变更、债权债务结算等问题都一一解决后，终于促成王某与林某、某公司在2021年11月签订了和解协议。林某以自有房产为某公司代偿债务，并于协议签订当日办理了房产交付及产权变更登记手续。2021年11月9日，王某拿着刚到手的房屋权属证书到福建省厦门市中级人民法院制作笔录，明确表示长达14年的纠纷终于得到了圆满解决，其所有针对诉讼、执行的上访都同意息诉息访，感谢执行法院的努力付出。
　　【典型意义】本案是以履行债务的主要责任人为切入点，化解矛盾纠纷的典型案件。案涉纠纷历时14年，横跨两省三级法院，且生效判决又因依法解除保全冻结造成执行不能。福建省厦门市中级人民法院立足解决问题的根本点，采取富有针对性的执行措施，最终促成各方当事人达成执行和解并及时履行完毕。该案的顺利执结，化解了当事人长达14年的心结，让各方当事人都对法律产生敬畏之心，也有了信赖之感，取得了良好的法律效果和社会效果。

【广东省中山市第一人民法院】


　　案例8

善意解封助推涉众欠薪案件执结案


　　——广东法院认真贯彻《工资支付条例》，及时兑现工人工资债权。
　　【基本案情】中山市某制衣厂因拖欠工人工资而被起诉，广东省中山市第一人民法院共受理相关案件64件，涉及457名工人工资503万余元。2020年9月，广东省中山市第一人民法院查封了中山市某制衣厂的成品及设备。经核实，查封财产中包含由案外人某公司提供原材料、制衣厂负责代工的产品。因案外人急需将成品衣在国庆黄金周售卖，经广东省中山市中级人民法院、中山市人社局等多方协调并经绝大多数工人同意，广东省中山市第一人民法院裁定解除对上述财产的查封，案外人随后将100万元案款转至法院账户，广东省中山市第一人民法院组织对364名工人工资按50%比例先行发放。此后，该院坚持“优先立案、优先执行、优先发放执行款”原则，继续采取执行措施，于2021年1月、9月分别执行到位217万余元、120万余元，全案累计执行到位439万余元，工人工资受偿比例达84%以上，工人普遍感到满意。
　　【典型意义】该案是广东法院认真贯彻《工资支付条例》，及时兑现工人工资债权的典型案例。该案执行过程中，执行法院坚持善意文明执行，巧用“活水养鱼”查封措施，盘活企业资产，将疫情期间民营企业解决欠薪问题纳入“六稳”“六保”工作范畴，在尽最大可能兑付欠薪工人工资的同时，帮助欠薪企业恢复生产，走出困境。

【广西壮族自治区柳州市中级人民法院】


　　案例9

某农信社申请强制执行抵押土地信访案


　　——被执行的抵押土地已部分开发房屋并销售完毕，查封土地引起购房业主信访，广西壮族自治区柳州市中级人民法院发挥联动机制、创新执行方式妥善解决。
　　【基本案情】某农信社与某公司借款合同纠纷一案，广西壮族自治区柳州市中级人民法院作出的（2018）桂02民初2号民事判决生效后，某农信社依据该判决向该院申请强制执行，要求某公司偿还借款本金28190937.47元、罚息4085131.48元（暂计至2018年9月4日），拍卖、变卖设定抵押的土地使用权，从所得价款中优先受偿。广西壮族自治区柳州市中级人民法院在执行中发现，该土地已进行了部分开发，建成26栋商品房并销售完毕。因土地使用权上设定有抵押且被查封，已购房的数百户业主一直未能办理产权证，长期向柳州市国土部门、城区政府上访，要求法院解封土地，给购房业主办证。若不解封、强制执行拍卖抵押的土地使用权，已购房业主的房屋产权不能实现。但若解封，被执行人无其他财产可供执行，申请执行人的债权得不到保障，农信社的金融债权无法回收。而且，该土地使用权未被开发的部分，多年来处于闲置状态，不及时处置会造成土地资源的巨大浪费。广西壮族自治区柳州市中级人民法院充分发挥主观能动性，在对土地现状和价格进行细致调查评估、与不动产管理部门探讨、并与当事人进行充分沟通的基础上，创新提出了对案涉土地使用权分割处理的方案：即注销原来的土地证，对已开发部分和未开发部分，分别办理两本土地使用权证，对未开发的土地进行拍卖，得款偿付申请执行人农信社；对已开发的土地进行解封，让购房业主办理产权证书。为有效落实该方案，广西壮族自治区柳州市中级人民法院积极主动向广西壮族自治区高级人民法院和柳州市市委市政府报告，在广西壮族自治区高级人民法院和柳州市委市政府的组织协调下，金融管理和不动产管理部门与相关法院联动，顺利解决了土地使用权证分割、财产处置权移交问题。土地处置范围明确后，广西壮族自治区柳州市中级人民法院依法对该土地使用权采取了拍卖措施，并于2021年4月20日以最高价4375万元拍卖成交，所得价款在预留相关税费后已及时向农信社发放。另一方面，数百户购房业主目前已经全部办理房屋产权证；被拍卖的土地在成交后也进入了开发阶段。
　　【典型意义】该案通过灵活的执行处置方式，既化解了购房业主的信访难题，用实际行动践行了“我为群众办实事”，取得了较好的社会效果。同时，也保障了申请执行人的债权，实现了金融债权的顺利回收，还“救活”了闲置土地，为优化法治营商环境，服务当地经济社会高质量发展作出应有贡献，达到了“双赢”的效果。该案也是广西壮族自治区高级人民法院组织开展的涉农村合作金融机构未结执行案件“百日攻坚”活动效果的有力体现。

【贵州省黎平县人民法院】


　　案例10

阳某、韦某璋申请强制执行投资款及资金信访案


　　——协助执行人不履行协助义务，贵州省黎平县人民法院出具《预罚款决定书》促使案件顺利执结。
　　【基本案情】阳某、韦某申请执行贵州省黎平县某石料公司合同纠纷一案，2020年8月，贵州省黎平县人民法院作出民事判决，判令贵州省黎平县某石料公司支付原告阳某投资款及资金占用费等1460000元及利息、支付原告韦某璋投资款及资金占用费等1500000元及利息。贵州省黎平县某石料公司不服，遂向贵州省黔东南州中级人民法院上诉，该院作出二审判决，维持原判。判决生效后，贵州省黎平县某石料公司未履行生效法律文书确定的义务。2021年1月，阳某、韦某璋向法院申请强制执行。执行过程中，贵州省黎平县人民法院对被执行人被保全银行账户内的存款1044521.81元予以强制扣划。同年3月15日，贵州省黎平县人民法院依法对被执行人在第三人贵州某实业公司的1963369元债权款进行扣划，第三人贵州某实业公司以公司资金周转困难，请求法院给予时间筹款支付。该案承办法官充分考虑到第三人系黎平县重点企业，强制提取可能给第三人造成资金周转困难，同意第三人于2021年5月30日前缴清上述款项。在协助执行期限即将届满之前，贵州省黎平县人民法院又向第三人送达了风险告知书，第三人仍拒不协助将1963369元债权款汇入指定账户。2021年6月4日，贵州省黎平县人民法院将《预罚款决定书》送达第三人，该公司才将400000元汇入指定账户，并承诺5天后将剩余1563369元付清，若到期没付清，自愿承担一切法律后果。2021年6月9日，第三人将被执行人在该公司的剩余债权款1563369元汇入指定账户，该案得以顺利执行完毕结案。
　　【典型意义】贵州省黎平县人民法院在办理本案过程中，认真贯彻落实善意文明执行理念，既维护了胜诉当事人的合法权益，又兼顾了辖区内重点企业的经营发展，既获得了申请执行人的赞赏，又维护了黎平县良好的营商环境，取得了政治效果、法律效果与社会效果的有机统一。
"
"最高人民法院发布第一批涉执信访实质性化解典型案例
（2021年11月18日）","

            
            最高人民法院发布第一批涉执信访实质性化解典型案例
（2021年11月18日）
第一批涉执信访实质性化解典型案例
目录

　　案例1：龚某不服执行和解协议信访案
　　案例2：侨胞金某某申请强制执行借款信访案
　　案例3：陈某某等124名农民工申请强制执行劳动报酬信访案
　　案例4：宋某申请强制执行人身损害赔偿款信访案
　　案例5：曾某某申请强制执行交通事故赔偿信访案
　　案例6：艾某申请强制执行工伤赔偿信访案
　　案例7：胡某某申请强制执行办证信访案
　　案例8：杨某某申请强制执行企业偿还欠款信访案
　　案例9：刘某某申请强制执行村小组支付工程款信访案
　　案例10：某电梯有限公司申请强制执行货款信访案
　　案例1：
龚某不服执行和解协议信访案

　　——双方当事人达成执行和解协议，申请人龚某不服应另行提起民事诉讼。江西法院“院领导接访”制度促化解。
　　【基本案情】
　　龚某与王某英、涂某借款合同纠纷案，2018年4月，江西省南昌市青山湖区人民法院作出民事判决书，判令由王某某偿还83万元及利息，涂某承担连带清偿责任。判决生效后，被执行人王某某、涂某未履行判决义务。2019年7月，龚某申请法院立案执行。执行中，双方当事人协商达成执行和解协议，被执行人按约还款90万元。2021年7月，龚某不服执行和解协议，以该案未执行到位为由信访。江西高院通过院领导接访，耐心倾听其诉求，详细了解案件情况发现，根据《最高人民法院关于执行和解若干问题的规定》，龚某不服执行和解协议的诉求应通过另行提起民事诉讼解决。为减少当事人诉累，及时回应人民群众诉求，江西高院立即督促指导下级法院对该案加大调解工作力度。江西省南昌市青山湖区人民法院迅速行动，上门做被执行人思想工作，动之以情、晓之以理、明之以法。经过不懈努力再次促成双方当事人达成和解并当场履行完毕。该案成功化解。
　　【典型意义】
　　本案是江西法院“院领导接访”制度成功化解涉执信访，减轻群众诉累，落实“我为群众办实事”活动要求的典型案例。“院领导接访”制度，是由江西各级法院院领导定期轮流带案“面对面”接待信访群众，畅通诉求渠道，高位推动矛盾化解，及时解决人民群众“急难愁盼”问题的一项重要举措。本案通过“院领导接访”制度及时找准龚某核心诉求，自上而下联动促成案件再次和解，有效地避免了龚某另行提起民事诉讼产生的诉累，提高了群众获得感和满意度。
　　案例2：
侨胞金某某申请强制执行借款信访案

　　——被执行人涉案10余件欠债上亿元，无能力履行判决义务。江西三级法院联动协调促执行和解。
　　【基本案情】
　　金某某与吴某国、高安市某陶瓷有限公司民间借贷纠纷案，2016年12月，江西省高安市人民法院作出民事判决书，判令由吴某国、高安市某陶瓷有限公司偿还800万元及利息。判决生效后，被执行人吴某国、高安市某陶瓷有限公司未按期履行判决义务。2017年9月，金某某申请法院强制执行。执行中，江西省高安市人民法院调查查明，被执行人在多家法院涉及10件在执案件，其财产被另案首先查封且全部存在抵押贷款情况。该院对被执行人吴某国采取司法拘留措施，因身体原因无法收拘。根据申请执行人金某某提供的线索，该院深入调查发现被执行人高安市某陶瓷有限公司有租金收入。但该租金被当地镇政府监管，用于偿还其拖欠的工人工资800余万元，以及税款、环保费、电费、物业费等1200余万元等。因租金不足支付全部工人工资和各类欠费，且受疫情影响租金下降，致案件难以执行租金受偿，引发金某某信访。江西高院予以执行督办并联合宜春市中级人民法院赴高安实地督导，组织双方当事人协商，促使吴某国承诺每月支付5至10万元，并提供一处他人名下的国有出让工业用地进行担保，获得金某某的同意，案件得以顺利化解。2021年9月，该案执行到位280万元，剩余款项正在按约履行中。
　　【典型意义】
　　本案是省市县三级法院联动化解重大疑难复杂涉执信访的典型案例。在这起案件中，江西省高级人民法院第一时间督办处理，宜春市中级人民法院跟踪问效，高安市人民法院深入调查、多方沟通、积极协调。案件执行面临困局时，省市两级法院赴实地督导，当场组织双方当事人协商达成分期付款加财产担保的执行和解协议，成功妥善化解了该起侨胞信访案，体现了人民法院切实解决人民群众诉求的信心和决心，取得了较好的政治效果和法律效果。
　　案例3：
陈某某等124名农民工申请强制执行劳动报酬信访案

　　——被执行人欠下巨额债务，无力支付203万元工资，引发农民工集体信访。萍乡两级法院运用“协同执行”机制成功化解信访矛盾。
　　【基本案情】
　　陈某某等124名农民工与萍乡市某烟花爆竹制造有限公司追索劳动报酬纠纷案，2020年10月，江西省芦溪县人民法院作出多份民事判决书，判令由萍乡市某烟花爆竹制造有限公司支付劳动报酬合计203万元。判决生效后，被执行人萍乡市某烟花爆竹制造有限公司未履行判决义务，同年12月，陈某某等124名农民工申请法院强制执行。执行中，江西省芦溪县人民法院调查发现被执行人萍乡市某烟花爆竹制造有限公司在萍乡市中级人民法院、安源区人民法院、上栗县人民法院均有借款纠纷案件在执，欠款金额高达2000余万元，无财产可供执行，致本案执行不能，暂以终结本次执行程序结案。期间，江西省芦溪县人民法院根据举报线索，查实并冻结了被执行人退出烟花爆竹生产政府奖补金80万元。但该奖补金也被江西省萍乡市中级人民法院等其他3家法院冻结。2021年6月，陈某某等124名农民工得知情况后到市、县集体信访，请求优先受偿。为妥善化解农民工集体信访矛盾，江西省芦溪县人民法院报请萍乡市中级人民法院启动协同执行机制。该院经审查决定协同执行，并同意由江西省芦溪县人民法院扣划、提取奖补金和主持分配。江西省芦溪县人民法院将该笔奖补金扣划到位，并组织召开债权人会议。陈某某等124名农民工以其债权为工资为由要求优先受偿。其他债权人以其案件首先有效冻结为由要求按比例分配。各方未达成一致分配意见。江西省芦溪县人民法院采取见证执行方式，与债权人一同前往相关单位调查，确认该院冻结为首先有效冻结。同时该院采取执行听证方式，释明农民工生活困难情况，消除其他债权人猜疑，获得了大多数借款债权人支持。2021年8月，该院制作并送达财产分配方案，确定由陈某某等124名农民工受偿，各方均未提出异议，现已将80万元发放完毕，矛盾得以顺利化解。
　　【典型意义】
　　本案是运用协同执行机制成功化解农民工集体涉执信访的典型案例。协同执行机制是最高人民法院建立的针对重大、疑难、复杂或长期未结等执行案件，上级法院发挥统一协调职能优势，统一调度使用辖区法院执行力量，协同、帮助辖区法院实施强制执行，切实为基层法院减负的一项工作机制。本案中，江西省萍乡市中级人民法院决定启动协同执行机制，并协调辖区其他法院同意统一由江西省芦溪县人民法院提取奖补金。执行中，江西省芦溪县人民法院采取见证执行、执行听证、债权人会议等方式，充分保障各方当事人的知情权、异议权，有效解决了首先冻结、财产分配争议问题，顺利将款项发放给陈某某等124名农民工，将一起群体性信访事件及时消化在基层，取得了较好法律效果和政治效果。
　　案例4：
宋某申请强制执行人身损害赔偿款信访案

　　——被执行人与申请人达成执行和解后下落不明，申请人长达20年未申请法院继续执行致案件陷入困局。江西省井冈山市人民法院运用“三推送”机制成功执结。
　　【基本案情】
　　宋某与郭某、肖某、刘某、罗某中人身损害赔偿纠纷案，2000年12月，江西省井冈山市人民法院作出民事判决书，判令由郭某、肖某、刘某赔偿14097.52元，由罗某中赔偿42238.56元。判决生效后，被执行人未履行判决义务。2001年2月，宋某申请法院强制执行。执行中，被执行人郭某、肖某和刘某支付了赔偿款。同年4月，江西省井冈山市人民法院组织宋某与被执行人罗某中调解并达成执行和解协议，约定由罗某中向宋某直接支付赔偿款。和解后，被执行人罗某中外出打工下落不明，申请人宋某长期未向法院反馈此情况并要求继续执行，直至2021年4月在第一批政法队伍教育整顿期间才反映此案，致案件未能得到及时执行。江西省井冈山市人民法院立即启动“三推送”机制，向当地村委会、乡镇、民政、公安等推送被执行人罗某中信息，请求协助查找下落线索。“三推送”协助部门反馈未发现被执行人罗某中的行踪。但通过公安反馈结果发现被执行人罗某中现已更名为罗某忠。该院及时将此情况告知“三推送”协助部门，并根据反馈线索顺利找到了被执行人罗某忠。经传唤，罗某忠到江西省井冈山市人民法院当场履行了9950元。期间，该院拟采取司法拘留措施，考虑到其父母已过世，夫妻长期分居，独自抚养三个小孩，决定暂缓拘留。但被执行人罗某忠出具承诺书并履行19000元。2021年5月，该案全部执行完毕，且被执行人罗某忠另支付了25000元的迟延履行金。至此，该起20年前和解未履行案件得以顺利执结。
　　【典型意义】
　　本案是运用“三推送”执行机制成功化解涉执信访的典型案例。“三推送”机制是在党委政法委的领导下，依托基层综治中心，将协助执行工作纳入基层社会治安综合治理网格化管理的范围，由法院向相关单位、基层组织推送被执行人信息，请求协助送达、查找下落和财产线索、督促履行、化解涉执信访、开展法律宣传等的工作机制。江西省井冈山市人民法院启动该工作机制，在公安、村委会等协助下，成功查找到被执行人，并经过认真细致的工作，促成双方当事人和解并履行完毕，取得了较好的执行效果。
　　案例5：
曾某某申请强制执行交通事故赔偿信访案

　　——被执行人患严重疾病危及生命致生活困难，根本无力履行赔偿义务。江西省广昌县人民法院运用司法救助制度促化解。
　　【基本案情】
　　曾某某与张某富道路交通事故损害赔偿纠纷案，2018年6月，江西省广昌县人民法院作出民事判决书，判令由张某富赔偿5.6万元。判决生效后，被执行人张某富未履行判决义务。同年9月，曾某某申请法院强制执行。执行中，江西省广昌县人民法院认真开展调查，被执行人张某富已离婚和外出务工，仅有一未成年儿子和60岁母亲在家，家庭生活十分困难，未发现可供执行财产。但根据举报线索在车站蹲守成功将被执行人张某富拘传到法院。江西省广昌县人民法院拟进一步采取司法拘留措施，但体检时发现被执行人张某富患严重强直性脊椎炎，随时有生命危险，且因无力支付高额医疗费至今未就医，不宜收拘，案件执行陷入困境。为此，江西省广昌县人民法院一方面协调村干部和被执行人亲属做其履行赔偿义务的思想工作，另一方面将被执行人家庭和身体状况反馈给申请人，得到其理解。考虑双方当事人家庭均十分困难，江西省广昌县人民法院主动向当地党委政法委报告案件情况争取支持，帮助申请人申报国家司法救助资金，以解燃眉之急。2021年7月，该案通过司法救助方式成功化解。
　　【典型意义】
　　本案是成功运用国家司法救助制度有效化解小标的涉民生执行信访的典型案例。类似该案的执行实践中，人民法院往往遇到双方当事人家庭生活均十分困难的情况，被执行人根本无力履行致案件执行不能而引发信访。本案执行中，江西省广昌县人民法院除加大执行力度外，还多措并举，协调各方做好当事人的思想工作，积极运用国家司法救助制度帮助申请人纾解生活困难，既维护了胜诉当事人的合法权益，也赢得了双方当事人的满意，最大限度地化解信访矛盾，促进社会和谐稳定，具有较强的指导意义。
　　案例6：
艾某申请强制执行工伤赔偿信访案

　　——被执行人隐藏财产拒不履行国家脱贫对象工伤赔款，江西省新余市渝水区人民法院运用执行专项调查措施促案件顺利执结。
　　【基本案情】
　　艾某与新余某机械制造有限公司工伤赔偿纠纷案，2018年8月，江西省新余市渝水区人民法院作出民事判决书，判令由新余某机械制造有限公司赔偿64万余元。判决生效后，该公司未履行判决义务。同年10月，艾某申请法院强制执行。执行中，江西省新余市渝水区人民法院迅速查控了被执行人名下财产，并执行到位4.4万元，之后未能发现其他财产，案件进入执行不能状态。考虑到申请人艾某工伤伤残四级且已离婚，无经济收入来源，还需抚养未成年女儿，系低保户、贫困户和国家脱贫对象，江西省新余市渝水区人民法院认真分析案情、改变执行思路、制定周密方案，依艾某申请追加该公司唯一股东尹某为本案被执行人，并开展深挖调查工作。经梳理分析调查线索，被执行人与新余市某钢铁公司有业务往来，并迅速冻结和扣划到位12万余元货款。同时发现被执行人隐名持有某典当公司股权，并迅速启动评估、拍卖程序。结合前述情况，该院拟进一步采取追究拒执罪措施。被执行人迫于执行压力，主动找到法院请求调解，最终在法院主持下达成执行和解协议，被执行人支付了45万余元赔偿。2021年5月，该案得以圆满解决，艾某赠送锦旗表示感谢。
　　【典型意义】
　　本案是人民法院充分发挥执行职能，运用执行专项调查措施，深挖调查财产线索顺利推动案件执结，服务和保障党中央乡村振兴大局的典型案例。因意外伤害致贫，是贫困产生的一个高发原由，也是影响社会和谐稳定的重要因素。这类弱势群体的权利维护，是执行工作服务乡村振兴大局，落实“我为群众办实事”活动的具体要求。本案中，申请人艾某的生活在伤残后陷入贫困，江西省新余市渝水区人民法院开展执行专项调查，穷尽执行方法，综合运用各项强制执行措施，展开强大执行攻势，最终顺利将该案执结，取得了较好的政治效果、社会效果和法律效果。
　　案例7：
胡某某申请强制执行办证信访案

　　——案涉房屋不符合登记规定导致无法办证，案件陷入执行不能境地。江西省景德镇市珠山区人民法院创新方法，多方协调成功化解“骨头案”
　　【基本案情】
　　信访人胡某某与景德镇某中学拆迁安置补偿合同纠纷案，2003年12月，江西省景德镇市中级人民法院作出二审民事判决书，判令由景德镇某中学代为办理并向胡某某交付教师公寓房屋所有权证。同时由该中学支付逾期交付房屋所有权证的违约金。判决生效后，景德镇某中学未按期履行判决义务。2004年3月，胡某某申请强制执行。执行中，江西省景德镇市珠山区人民法院调查发现案涉房屋因历史原因、手续不全，不符合办证规定，房地产管理部门无法协助办理，导致案件执行不能。为推动案件执行，该院组织双方当事人多次协商达成“房屋置换”和解方案，约定由被执行人景德镇某中学每年支付逾期违约金5000元，直至办证完毕止。同时由被执行人协调解决房屋置换问题。和解履行期间，被执行人景德镇某中学按约支付违约金，但未履行房屋置换义务。第一批政法队伍教育整顿期间，信访人胡某某上访要求强制执行办证。江西省景德镇市珠山区人民法院成立由局长带队的执行专班多次到房管、不动产登记等部门协调，均无法办证。面对困难，执行专班采取“背对背、面对面”等方式与当事人沟通，成功促使双方达成“房屋回购”和解方案，并得到了当地政府大力支持。2021年6月，该案顺利得到化解。
　　【典型意义】
　　本案是人民法院执行干警以啃“硬骨头”的精神，创新执行方法成功化解疑难复杂涉执信访的典型案例。本案中，因涉案房屋不符合办证规定，江西省景德镇市珠山区人民法院不能通过强制执行将不具备办证条件房屋“合法化”，导致案件执行不能，引发申请人胡某某上访。为妥善化解信访矛盾，该院促成双方当事人达成“房屋置换”和解方案仍难以执行完毕。于是，该院改变执行思路，多方协调，再次促成双方当事人达成“房屋回购”和解方案，并在当地党委政府的大力支持下，破解了回购款支付难问题，促使信访矛盾得以彻底化解，取得了较好的政治效果、社会效果和法律效果。
　　案例8：
杨某某申请强制执行企业偿还欠款信访案

　　——被执行人受疫情影响生产经营陷入困难，难以履行判决义务，被纳入失信名单。江西省南昌市西湖区人民法院运用信用承诺和信用修复机制双向化解信访矛盾。
　　【基本案情】
　　杨某某与南昌某建筑有限公司借款合同纠纷案，2017年9月，江西省南昌市西湖区人民法院作出民事判决书，判令由南昌某建筑有限公司偿还28万元及利息。判决生效后，被执行人南昌某建筑有限公司未履行判决义务。2018年4月，杨某某申请法院强制执行。执行中，江西省南昌市西湖区人民法院深入开展线上线下调查，发现被执行人南昌某建筑有限公司在该院涉案较多且未能全部执行到位，存在执行不能的风险。经多次做思想工作，被执行人陆续履行大部分款项。期间，受疫情影响且被纳入失信名单，被执行人银行贷款审批受阻、企业重组遇到困难和无法正常进行工程投标，致无力偿还剩余借款。考虑此种情况，江西省南昌市西湖区人民法院决定采取执行和解方式对被执行人进行信用修复，且多次组织双方当事人协商，最终促成分期还款的和解方案，并由杨某某申请法院暂时解除失信名单。信用修复后，被执行人南昌某建筑有限公司履行了全部还款义务。2021年3月，该案得以顺利执结。
　　【典型意义】
　　本案是人民法院秉持善意文明执行理念，成功运用信用承诺和信用修复机制双向化解信访矛盾的典型案例。本案中，江西省南昌市西湖区人民法院面对执行不能的困难，组织双方当事人协商促成和解，并征得申请人同意后实施信用修复措施，有效帮助被执行人恢复生产经营、重获盈利能力，全部偿清债务。该案执行既保障了胜诉当事人的合法权益得以兑现，又帮助被执行企业得以复产复工，起到了“办理一个案件救活一个企业”示范作用，对全国法院类似案件的办理具有较强的指导意义。
　　案例9：
刘某某申请强制执行村小组支付工程款信访案

　　——被执行财产难以变价造成执行困难。江西省新干县人民法院紧紧依靠当地党委政府妥善化解信访矛盾。
　　【基本案情】
　　刘某某与新干县金川镇某村委会某村小组建设工程施工合同纠纷案，2014年9月，江西省新干县人民法院作出民事判决书，判令由该村小组支付工程款10万余元及利息。判决生效后，新干县金川镇某村委会某村小组未履行判决义务。同年11月，刘某某申请法院强制执行。执行中，江西省新干县人民法院查明，被执行人新干县金川镇某村委会某村民小组有村民活动中心房屋一栋、休闲广场一处、某水库50%所有权和水库岛屿一座。上述土地为农村集体所有性质，依法不能直接面向社会公开拍卖，当地村民不愿购买，导致案件执行不能。为破解执行难题，江西省新干县人民法院根据线索得知当地政府有意征收被执行人所有的水库岛屿，积极与当地水务部门沟通，并向县委政法委专题报告。该县委政法委组织召开案件协调会，协调同意由被执行人的上级组织新干县金川镇某村委会代为清偿。因该村委会未按期履行还款义务，江西省新干县人民法院依申请追加其为本案被执行人。新干县金川镇某村委会未提出异议，并承诺偿还10万元本金，但未得到申请人刘某某同意。案件执行再次陷入僵局。江西省新干县人民法院面对困难反复组织双方当事人协商促成和解，由新干县金川镇某村委会偿还12万元工程款，剩余1万元利息放弃。同时在当地县委政法委再次协调下，该村委会将名下水库区380亩滩地出租给某农业开发公司，并将租金12万元支付给刘某某。2021年7月，本案得以顺利执结。
　　【典型意义】
　　本案是人民法院紧紧依靠党委政府成功化解涉执信访的典型案例。如何化解村委会、村小组债务纠纷是当前人民法院面临的一项紧迫而艰巨的任务。在当前法律政策框架下，盘活村集体组织名下闲置资产，紧紧依靠党委政府推动土地承包权流转或入股不失为一项有效措施。本案中，江西省新干县人民法院直面困难、多方协调、多方联动，紧紧依靠当地党委政府支持成功化解了信访矛盾，进而避免影响新农村建设和村集体组织的正常运转，维护了村集体组织的声誉，对今后处理同类案件提供有益经验。
　　案例10：
某电梯有限公司申请强制执行货款信访案

　　——被执行人的法定代表人伙同他人转移公司租金收入，拒不履行还款义务。江西省宜春市袁州区人民法院创新使用“预告知＋预通知”执行措施攻克执行不能难题
　　【基本案情】
　　某电梯有限公司与江西某物流有限公司买卖合同纠纷案，2020年3月，江西省宜春市袁州区人民法院作出民事调解书，确认由江西某物流有限公司支付货款92.7万元。调解生效后，江西某物流有限公司未履行还款义务。同年6月，某电梯有限公司申请法院强制执行。执行中，江西省宜春市袁州区人民法院线上调查发现，被执行人名下除一块被另案多次查封的土地外无其他登记财产。该院派员现场调查发现，被执行人已搬离原址，但原址处新建的一栋办公楼，引起了办案人员注意。经过走访了解，被执行人建起该栋办公楼但未办理产权证书，并将其出租给其他公司办公，年租金收入100万元。江西省宜春市袁州区人民法院遂对租金流向进行调查，发现被执行人的法定代表人李某东伙同员工李某安以该员工的银行账号将租金转移，存在规避执行的违法行为，涉嫌构成拒执犯罪。在查清事实后，该院创新使用罚款和追究拒执罪等强制措施，于2021年3月12日分别向被执行人的法定代表人李某东和员工李某安发出《涉嫌拒执犯罪预告书》和《预罚款通知书》，限在七日内清偿全部货款，否则将其涉嫌拒不执行判决、裁定罪线索移送公安机关侦查，并分别罚款10万元。被执行人于七日内清偿了全部货款。李某东和员工李某安向法院出具了悔过书。同年3月19日，该案得以执行完毕。
　　【典型意义】
　　本案是人民法院创新使用罚款和追究拒执犯罪措施，采取预罚款和涉嫌拒执犯罪预告等方式成功推动案件执行完毕和有效化解信访矛盾的典型案例。执行实践中，被执行人对办案人员的“涉嫌拒执犯罪”口头警告往往不以为然，根本没充分意识到转移财产规避执行所产生的严重法律后果。本案中，江西省宜春市袁州区人民法院创新运用“预告知＋预通知”执行模式，让被执行人意识到规避执行的法律后果，给予其权衡利弊作出选择的时间，同时给予被执行企业法定代表人李某东和员工李某安悔改的机会，促使其主动履行判决义务，充分体现了善意文明的执行理念，彰显司法的权威和温度。

        "
"最高人民法院关于建立健全执行信访案件“接访即办”工作机制的意见
（法〔2021〕227号）
","

            
            最高人民法院关于建立健全执行信访案件“接访即办”工作机制的意见
（法〔2021〕227号）
　　为深入贯彻落实中央关于全国政法队伍教育整顿有关决策部署，践行“以人民为中心”发展理念，进一步健全完善新时期执行信访工作长效机制，提高执行信访案件办理质效，规范执行行为，维护信访人合法权益，根据相关法律、司法解释的规定，就建立健全执行信访案件“接访即办”工作机制，提出如下意见。
　　　　一、本意见所称“接访即办”，是指人民法院对于收到的执行信访材料，给予即时录入、快速督办、及时反馈、高效化解的信访管理工作机制。　　二、建立健全“接访即办”工作机制，应当坚持依法、公正、规范、及时、便民的原则。　　高级、中级人民法院对辖区人民法院“接访即办”工作承担监督管理职责；各地人民法院对其本院初访信访案件的办理承担主体责任。　　三、人民法院执行部门应当确定专人处理涉及执行案件的来信、来访，所有执行信访案件均应及时、全面录入人民法院执行申诉信访办理系统，并且全流程在人民法院执行申诉信访办理系统上办理。　　四、人民法院执行部门对收到的信访材料，应当先予形式审查，于5个工作日内在人民法院执行申诉信访办理系统中完成申诉信访登记，并确定承办人办理。　　对于来信来访涉及本院执行部门正在办理的执行案件的，应当及时将相关材料转交案件承办人。　　五、对于反映本院执行案件办理问题的信访材料，各地人民法院信访工作承办人应当于30日内办结，并及时将办理结果告知信访人。　　六、对于反映下级人民法院执行案件办理问题的信访材料，高级、中级人民法院的承办人应当于15个工作日内完成甄别工作，紧急情况应即刻办理、及时报告、及时采取措施。　　七、对于上级人民法院挂网交办的执行信访案件，执行法院应当于 45 日内办理完毕，并及时告知信访人；办理意见经执行部门相关负责人审批同意后，通过人民法院执行申诉信访办理系统层报上级交办法院核销。　　八、上级人民法院收到交办信访案件的核销申请后，应当于5个工作日内完成核销工作。　　九、对于已阶段化解和终局化解的信访案件，上一级人民法院应当对信访人进行回访，了解信访诉求办理的响应、解决、满意度等情况。　　十、各高级人民法院每季度对辖区中级、基层人民法院办理执行信访案件情况进行通报。对执行信访案件办理情况进行常态化监督，发现执行法院不进行初信初访登记、登记后未实际处理或者未在合理期限内采取措施，导致群体访、越级赴省进京信访的，对执行法院主要负责人和其他相关责任人进行约谈。　　十一、执行信访案件办理情况纳入年度平安建设考评内容。对于“接访即办”工作长期滞后的，上级人民法院应及时提出限期整改要求。　　十二、执行法院或者执行人员在“接访即办”工作中弄虚作假或者不执行上级人民法院的监督意见，以及执行人员存在消极执行、违法执行等情形，造成恶劣影响或者严重后果的，除责令限期纠正外，相关人民法院应当启动“一案双查”工作机制予以查处。　　十三、进一步提高执行申诉信访工作信息化建设与应用水平，发挥人民法院执行申诉信访办理系统上下贯通、节点控制的监督作用，加强系统数据分析，研判提出解决问题的对策和方法。　　十四、各级人民法院应当建立健全执行信访互联网申诉应用平台，引导鼓励信访当事人通过网络反映问题，方便当事人快速便捷提出信访诉求，降低信访成本。　　十五、加强预防、妥善处理涉执群体访案件，完善预警机制，健全与公安机关、检察机关、综治部门的协同联动机制，做到及时快速规范处理。　　十六、各级人民法院要按照“三同步”原则对执行信访负面舆情及早发现，及时应对。上级人民法院要按照程序交办重大、涉敏感舆情执行信访案件，妥善指导下级人民法院应对执行信访负面舆情，防范化解风险。

最高人民法院

　　2021年11月4日



        "
"最高人民法院关于新型冠状病毒疫情防控期间诉讼服务和申诉信访工作的通告
","

            
            最高人民法院关于新型冠状病毒疫情防控期间诉讼服务和申诉信访工作的通告
　　为做好新型冠状病毒疫情防控工作，最大限度减少人员聚集流动，切实保障诉讼群众的生命安全和身体健康，根据党中央防控工作决策部署，现就疫情期间最高人民法院本部、第一、第二、第三、第四、第五、第六巡回法庭和知识产权法庭诉讼服务和申诉信访工作有关事项告知如下：
　　　　一、即日起，最高人民法院本部、第一、第二、第三、第四、第五、第六巡回法庭和知识产权法庭诉讼服务和群众来访接待场所暂时关闭，恢复接待时间视疫情形势变化另行通知；　　二、当事人需要提交申请再审材料、申诉信访或者申请其他诉讼服务事项的，请通过最高人民法院诉讼服务网或者邮寄方式提交，查询咨询事项可拨打12368诉讼服务热线联系办理。
　　最高人民法院2020年1月30日
　　附
　　最高人民法院诉讼服务网以及邮寄方式：
　　最高人民法院诉讼服务网网址：http：//ssfw.court.gov.cn/ssfww，也可以通过最高人民法院官网进入“诉讼服务网”版块。
　　最高人民法院本部邮寄地址：北京市东交民巷27号，邮政编码：100745
　　第一巡回法庭邮寄地址：广东省深圳市罗湖区红岭中路1036号，邮政编码：518000
　　第二巡回法庭邮寄地址：辽宁省沈阳市浑南区世纪路3号，邮政编码：110179
　　第三巡回法庭邮寄地址：江苏省南京市浦口区浦珠北路88号，邮政编码：210031
　　第四巡回法庭邮寄地址：河南省郑州市郑东新区白佛路和博学路交叉口博学路33号，邮政编码：430070
　　第五巡回法庭邮寄地址：重庆市江北区盘溪路408号巾帼大厦东面（石子山体育公园），邮政编码：400021
　　第六巡回法庭邮寄地址：陕西省西安市长安区航天基地航天中路389号神光大厦B座，邮政编码：710700
　　知识产权法庭邮寄地址：北京市丰台区汽车博物馆东路2号院3号楼，邮政编码：100160


        "
"最高人民法院、最高人民检察院、公安部、司法部关于印发《关于依法处理涉法涉诉信访工作衔接配合的规定》的通知
（高检会[2017]3号）","

            
            最高人民法院、最高人民检察院、公安部、司法部关于印发《关于依法处理涉法涉诉信访工作衔接配合的规定》的通知
（高检会[2017]3号）
各省、自治区、直辖市高级人民法院、人民检察院、公安厅(局)、司法厅(局)，解放军军事法院、军事检察院，新疆维吾尔自治区高级人民法院生产建设兵团分院、新疆生产建设兵团人民检察院、公安局、司法局：
　　现将《关于依法处理涉法涉诉信访工作衔接配合的规定》印发你们，请认真贯彻执行。各地在执行中遇到的问题，请及时分别报告最高人民法院、最高人民检察院、公安部和司法部。
最高人民法院
最高人民检察院
公　　安　　部
司　　法　　部
2017年11月24日

　　最高人民法院、最高人民检察院、公安部、司法部关于依法处理涉法涉诉信访工作衔接配合的规定
　　第一条　为了加强人民法院、人民检察院、公安机关、司法行政机关处理涉法涉诉信访案件的衔接配合，畅通人民群众诉求表达渠道，提升依法解决涉法涉诉信访问题的质量和效果，依据有关法律规定，制定本规定。
　　第二条　对信访人提出的涉法涉诉信访事项，人民法院、人民检察院、公安机关、司法行政机关应当按照事项性质、管辖分工依法审查受理。不属于本机关管辖的，引导到有管辖权的机关处理，或者转送有管辖权的机关处理。
　　对同一涉法涉诉信访事项，两个以上机关都有管辖权的，接待机关应当对其他有管辖权的机关是否已经受理该信访事项、是否已经就该信访事项作出法律结论进行核查，依法作出是否受理的决定，并向当事人说明情况。
　　对涉法涉诉信访事项管辖存在争议的，应当协商解决；协商未能达成一致意见的，报请各自的上级机关协调解决。
　　第三条　控告人对公安机关不予立案决定不服，既向公安机关提出刑事复议、复核申请，又向人民检察院提出立案监督请求，公安机关已经受